Var1,Route_ID,Branch_ID,FL_Name,Start_Date_of_Route,Start_Time_of_Route,End_Time_of_Route,Break_Duration_mins,Percentage_Shift_Time_used,Percentage_Van_Weight_used,Percentage_Ambient_Capacity_Used,Percentage_Chilled_Capacity_Used,Percentage_Frozen_Capacity_Used,Percentage_Total_Crate_capacity_Used,Planned_total_Route_time,Planned_Total_Wait_time_mins,Planned_total_Mileage,Planned_Total_Driving_time,Number_Orders,Van_Type,Loaded_Ambient_Crates,Loaded_Chilled_Crates,Loaded_Frozen_Crates,Loaded_Kgs,Loaded_Total_Crates,Total_Dwell_Time,Shift_Start_Time,Shift_End_Time,Total_Shift_Hours,Total_Shift_Time_Spent_at_FL,MPO,HPO,energyUsedByRefrige,equivalMileage,newJourneyMileage,Energy_Required,Energy_Needed,vannumber_ev_,vannumber_d_,chargertype
734778,2696983,513,Coulsdon DFC,02/01/2020 00:00:00,02-Jan-2020 05:27:59,02-Jan-2020 13:30:00,0,0.9461,0.765032769,0.945454545,0.526315789,0.666666667,0.759259259,08:02:00,0,45.654,0,17,T29-885kg,52,20,10,677.054001,82,176,02/01/2020 05:15,02/01/2020 13:45,01/01/1900 08:30,27,2.685529412,01/01/1900 00:13,4.01666666666667,8.73188405797101,54.385884057971,25.0175066666667,25.0175066666667,0,1,22
734789,2696994,513,Coulsdon DFC,02/01/2020 00:00:00,02-Jan-2020 05:59:00,02-Jan-2020 14:27:59,0,0.998,0.825770619,1,0.5,0.6,0.768518519,08:29:00,0,54.039,0,15,T29-885kg,55,19,9,730.806998,83,194,02/01/2020 05:45,02/01/2020 14:15,01/01/1900 08:30,1,3.6026,01/01/1900 00:19,4.24166666666667,9.22101449275362,63.2600144927536,29.0996066666667,29.0996066666667,0,2,22
734795,2697000,513,Coulsdon DFC,02/01/2020 00:00:00,02-Jan-2020 06:10:00,02-Jan-2020 14:24:00,0,0.9682,0.826390957,0.963636364,0.5,0.666666667,0.759259259,08:14:00,0,37.219,0,18,T29-885kg,53,19,10,731.355997,82,241,02/01/2020 06:00,02/01/2020 14:30,01/01/1900 08:30,16,2.067722222,01/01/1900 00:11,4.11666666666667,8.94927536231884,46.1682753623188,21.2374066666667,21.2374066666667,0,3,22
734857,2697062,513,Coulsdon DFC,02/01/2020 00:00:00,02-Jan-2020 13:44:59,02-Jan-2020 21:13:59,0,0.9983,0.774209036,0.963636364,0.5,0.733333333,0.768518519,07:29:00,0,54.425,0,16,T29-885kg,53,19,11,685.174997,83,178,02/01/2020 13:45,02/01/2020 21:15,01/01/1900 07:30,0,3.4015625,01/01/1900 00:16,3.74166666666667,8.13405797101449,62.5590579710145,28.7771666666667,28.7771666666667,0,4,22
736087,2697828,513,Coulsdon DFC,03/01/2020 00:00:00,03-Jan-2020 06:07:00,03-Jan-2020 14:38:59,0,1.003,0.721167229,0.872727273,0.526315789,0.933333333,0.759259259,08:32:00,0,37.454,0,17,T29-885kg,48,20,14,638.232998,82,189,03/01/2020 06:00,03/01/2020 14:30,01/01/1900 08:30,0,2.203176471,01/01/1900 00:15,4.26666666666667,9.27536231884058,46.7293623188406,21.4955066666667,21.4955066666667,0,1,22
736086,2697827,513,Coulsdon DFC,03/01/2020 00:00:00,03-Jan-2020 06:42:00,03-Jan-2020 14:42:00,0,0.9418,0.855164971,0.945454545,0.5,0.866666667,0.777777778,08:00:00,0,48.248,0,16,T29-885kg,52,19,13,756.820999,84,207,03/01/2020 06:00,03/01/2020 14:30,01/01/1900 08:30,29,3.0155,01/01/1900 00:15,4,8.69565217391304,56.9436521739131,26.19408,26.19408,0,2,22
736108,2697849,513,Coulsdon DFC,03/01/2020 00:00:00,03-Jan-2020 06:48:59,03-Jan-2020 13:31:00,0,0.8927,0.805550278,1.036363636,0.421052632,0.6,0.759259259,06:42:00,0,40.648,0,14,T29-885kg,57,16,9,712.911996,82,161,03/01/2020 06:45,03/01/2020 14:15,01/01/1900 07:30,48,2.903428571,01/01/1900 00:15,3.35,7.28260869565217,47.9306086956522,22.04808,22.04808,0,3,22
736110,2697851,513,Coulsdon DFC,03/01/2020 00:00:00,03-Jan-2020 06:50:00,03-Jan-2020 13:54:59,0,0.9445,0.760793226,0.909090909,0.526315789,0.8,0.759259259,07:05:00,0,48.596,0,18,T29-885kg,50,20,12,673.302005,82,179,03/01/2020 06:45,03/01/2020 14:15,01/01/1900 07:30,24,2.699777778,01/01/1900 00:12,3.54166666666667,7.69927536231884,56.2952753623188,25.8958266666667,25.8958266666667,0,4,22
736113,2697854,513,Coulsdon DFC,03/01/2020 00:00:00,03-Jan-2020 06:50:00,03-Jan-2020 14:03:00,0,0.9631,0.927828247,1,0.578947368,0.933333333,0.842592593,07:13:00,0,44.15,0,18,T29-885kg,55,22,14,821.127999,91,192,03/01/2020 06:45,03/01/2020 14:15,01/01/1900 07:30,16,2.452777778,01/01/1900 00:11,3.60833333333333,7.84420289855072,51.9942028985507,23.9173333333333,23.9173333333333,0,5,22
737338,2699150,513,Coulsdon DFC,04/01/2020 00:00:00,04-Jan-2020 06:06:00,04-Jan-2020 15:43:00,0,1.1329,0.851098299,1.072727273,0.421052632,0.533333333,0.768518519,09:37:00,0,52.899,0,16,T29-885kg,59,16,8,753.221995,83,214,04/01/2020 06:00,04/01/2020 14:30,01/01/1900 08:30,0,3.3061875,01/01/1900 00:22,4.80833333333333,10.4528985507246,63.3518985507246,29.1418733333333,29.1418733333333,0,1,22
737290,2699092,513,Coulsdon DFC,04/01/2020 00:00:00,04-Jan-2020 06:35:59,04-Jan-2020 13:27:00,0,0.8054,0.815224851,1,0.552631579,0.533333333,0.777777778,06:51:00,0,44.124,0,16,T29-885kg,55,21,8,721.473993,84,166,04/01/2020 05:15,04/01/2020 13:45,01/01/1900 08:30,99,2.75775,01/01/1900 00:13,3.425,7.44565217391304,51.569652173913,23.72204,23.72204,0,2,22
738472,2700407,513,Coulsdon DFC,05/01/2020 00:00:00,05-Jan-2020 05:51:59,05-Jan-2020 13:20:00,0,0.9958,0.904280219,1,0.578947368,0.8,0.824074074,07:28:00,0,55.399,0,18,T29-885kg,55,22,12,800.287994,89,185,05/01/2020 05:45,05/01/2020 13:15,01/01/1900 07:30,1,3.077722222,01/01/1900 00:12,3.73333333333333,8.11594202898551,63.5149420289855,29.2168733333333,29.2168733333333,0,1,22
738481,2700416,513,Coulsdon DFC,05/01/2020 00:00:00,05-Jan-2020 06:06:00,05-Jan-2020 13:29:00,0,0.8685,0.873944619,0.981818182,0.5,0.8,0.787037037,07:23:00,0,43.776,0,16,T29-885kg,54,19,12,773.440988,85,180,05/01/2020 06:00,05/01/2020 14:30,01/01/1900 08:30,67,2.736,01/01/1900 00:14,3.69166666666667,8.02536231884058,51.8013623188406,23.8286266666667,23.8286266666667,0,2,22
738480,2700415,513,Coulsdon DFC,05/01/2020 00:00:00,05-Jan-2020 06:17:00,05-Jan-2020 14:40:59,0,0.9875,0.812328813,0.963636364,0.578947368,0.733333333,0.796296296,08:24:00,0,45.995,0,18,T29-885kg,53,22,11,718.9109997,86,213,05/01/2020 06:00,05/01/2020 14:30,01/01/1900 08:30,6,2.555277778,01/01/1900 00:14,4.2,9.1304347826087,55.1254347826087,25.3577,25.3577,0,3,22
738492,2700427,513,Coulsdon DFC,05/01/2020 00:00:00,05-Jan-2020 06:47:59,05-Jan-2020 14:14:00,0,0.9896,0.730102825,0.890909091,0.526315789,1,0.777777778,07:26:00,0,49.429,0,17,T29-885kg,49,20,15,646.1410005,84,210,05/01/2020 06:30,05/01/2020 14:00,01/01/1900 07:30,4,2.907588235,01/01/1900 00:13,3.71666666666667,8.07971014492754,57.5087101449275,26.4540066666667,26.4540066666667,0,4,22
738508,2700443,513,Coulsdon DFC,05/01/2020 00:00:00,05-Jan-2020 06:59:59,05-Jan-2020 14:38:59,0,1.0217,0.833963848,1.036363636,0.552631579,0.866666667,0.842592593,07:39:00,0,30.955,0,18,T29-885kg,57,21,13,738.0580055,91,184,05/01/2020 07:00,05/01/2020 14:30,01/01/1900 07:30,0,1.719722222,01/01/1900 00:14,3.825,8.31521739130435,39.2702173913043,18.0643,18.0643,0,5,22
738509,2700444,513,Coulsdon DFC,05/01/2020 00:00:00,05-Jan-2020 06:59:59,05-Jan-2020 14:43:00,0,1.0303,0.884880224,0.981818182,0.684210526,0.733333333,0.842592593,07:43:00,0,46.535,0,18,T29-885kg,54,26,11,783.118998,91,203,05/01/2020 07:00,05/01/2020 14:30,01/01/1900 07:30,0,2.585277778,01/01/1900 00:11,3.85833333333333,8.38768115942029,54.9226811594203,25.2644333333333,25.2644333333333,0,6,22
738425,2700360,513,Coulsdon DFC,05/01/2020 00:00:00,05-Jan-2020 08:00:00,05-Jan-2020 15:39:00,0,1.0219,0.887475702,1.054545455,0.526315789,0.666666667,0.814814815,07:39:00,0,61.8,0,17,T29-885kg,58,20,10,785.415996,88,205,05/01/2020 08:00,05/01/2020 15:30,01/01/1900 07:30,0,3.635294118,01/01/1900 00:12,3.825,8.31521739130435,70.1152173913043,32.253,32.253,0,7,22
738450,2700385,513,Coulsdon DFC,05/01/2020 00:00:00,05-Jan-2020 13:44:59,05-Jan-2020 21:28:00,0,1.03,0.744918641,0.890909091,0.552631579,0.8,0.759259259,07:43:00,0,52.273,0,17,T29-885kg,49,21,12,659.252997,82,174,05/01/2020 13:45,05/01/2020 21:15,01/01/1900 07:30,0,3.074882353,01/01/1900 00:16,3.85833333333333,8.38768115942029,60.6606811594203,27.9039133333333,27.9039133333333,0,8,22
739517,2701458,513,Coulsdon DFC,06/01/2020 00:00:00,06-Jan-2020 05:15:00,06-Jan-2020 13:15:00,0,0.9418,0.776342372,0.945454545,0.552631579,0.733333333,0.777777778,08:00:00,0,52.379,0,18,T29-885kg,52,21,11,687.062999,84,213,06/01/2020 05:15,06/01/2020 13:45,01/01/1900 08:30,29,2.909944444,01/01/1900 00:13,4,8.69565217391304,61.074652173913,28.09434,28.09434,0,1,22
739516,2701457,513,Coulsdon DFC,06/01/2020 00:00:00,06-Jan-2020 05:21:00,06-Jan-2020 12:57:59,0,0.8976,0.834152549,0.963636364,0.605263158,0.466666667,0.768518519,07:37:00,0,57.76,0,17,T29-885kg,53,23,7,738.225006,83,207,06/01/2020 05:15,06/01/2020 13:45,01/01/1900 08:30,52,3.397647059,01/01/1900 00:14,3.80833333333333,8.27898550724638,66.0389855072464,30.3779333333333,30.3779333333333,0,2,22
739577,2701518,513,Coulsdon DFC,06/01/2020 00:00:00,06-Jan-2020 05:35:00,06-Jan-2020 13:37:00,0,0.9447,0.744004516,0.945454545,0.710526316,0.2,0.759259259,08:02:00,0,46.002,0,15,T29-885kg,52,27,3,658.443997,82,179,06/01/2020 05:30,06/01/2020 14:00,01/01/1900 08:30,28,3.0668,01/01/1900 00:18,4.01666666666667,8.73188405797101,54.733884057971,25.1775866666667,25.1775866666667,0,3,22
739589,2701530,513,Coulsdon DFC,06/01/2020 00:00:00,06-Jan-2020 06:01:00,06-Jan-2020 13:01:00,0,0.9323,0.863727685,0.981818182,0.526315789,0.666666667,0.777777778,07:00:00,0,38.234,0,15,T29-885kg,54,20,10,764.399001,84,173,06/01/2020 06:00,06/01/2020 13:30,01/01/1900 07:30,30,2.548933333,01/01/1900 00:16,3.5,7.60869565217391,45.8426956521739,21.08764,21.08764,0,4,22
739616,2701557,513,Coulsdon DFC,06/01/2020 00:00:00,06-Jan-2020 06:45:00,06-Jan-2020 13:53:00,0,0.9532,0.82333447,0.981818182,0.526315789,0.666666667,0.777777778,07:08:00,0,43.267,0,16,T29-885kg,54,20,10,728.651006,84,179,06/01/2020 06:45,06/01/2020 14:15,01/01/1900 07:30,21,2.7041875,01/01/1900 00:13,3.56666666666667,7.7536231884058,51.0206231884058,23.4694866666667,23.4694866666667,0,5,22
739625,2701566,513,Coulsdon DFC,06/01/2020 00:00:00,06-Jan-2020 06:59:59,06-Jan-2020 14:15:00,0,0.9668,0.799472316,1,0.526315789,0.466666667,0.759259259,07:15:00,0,31.168,0,16,T29-885kg,55,20,7,707.533,82,197,06/01/2020 07:00,06/01/2020 14:30,01/01/1900 07:30,14,1.948,01/01/1900 00:12,3.625,7.8804347826087,39.0484347826087,17.96228,17.96228,0,6,22
739634,2701575,513,Coulsdon DFC,06/01/2020 00:00:00,06-Jan-2020 07:30:00,06-Jan-2020 16:17:00,0,1.1716,0.870679096,1,0.5,0.733333333,0.787037037,08:47:00,0,76.489,0,15,T29-885kg,55,19,11,770.551,85,188,06/01/2020 07:30,06/01/2020 15:00,01/01/1900 07:30,0,5.099266667,01/01/1900 00:19,4.39166666666667,9.54710144927536,86.0361014492754,39.5766066666667,39.5766066666667,0,7,22
739549,2701490,513,Coulsdon DFC,06/01/2020 00:00:00,06-Jan-2020 14:14:00,06-Jan-2020 21:28:00,0,0.9644,0.834544635,1,0.421052632,0.866666667,0.777777778,07:14:00,0,67.137,0,15,T29-885kg,55,16,13,738.572002,84,185,06/01/2020 13:45,06/01/2020 21:15,01/01/1900 07:30,16,4.4758,01/01/1900 00:14,3.61666666666667,7.86231884057971,74.9993188405797,34.4996866666667,34.4996866666667,0,1,22
740605,2706191,513,Coulsdon DFC,07/01/2020 00:00:00,07-Jan-2020 05:36:00,07-Jan-2020 13:12:00,0,1.0141,0.871872313,1,0.526315789,0.933333333,0.824074074,07:36:00,0,60.401,0,19,T29-885kg,55,20,14,771.606997,89,211,07/01/2020 05:30,07/01/2020 13:00,01/01/1900 07:30,0,3.179,01/01/1900 00:12,3.8,8.26086956521739,68.6618695652174,31.58446,31.58446,0,1,22
740608,2706194,513,Coulsdon DFC,07/01/2020 00:00:00,07-Jan-2020 13:44:59,07-Jan-2020 21:44:00,0,1.0649,0.854050843,1,0.447368421,0.866666667,0.787037037,07:59:00,0,80.87,0,15,T29-885kg,55,17,13,755.834996,85,163,07/01/2020 13:45,07/01/2020 21:15,01/01/1900 07:30,0,5.391333333,01/01/1900 00:18,3.99166666666667,8.67753623188406,89.5475362318841,41.1918666666667,41.1918666666667,0,1,22
741652,2710665,513,Coulsdon DFC,08/01/2020 00:00:00,08-Jan-2020 06:01:59,08-Jan-2020 12:59:59,0,0.8211,0.86093221,0.981818182,0.473684211,0.666666667,0.759259259,06:58:00,0,48.758,0,16,T29-885kg,54,18,10,761.925006,82,189,08/01/2020 06:00,08/01/2020 14:30,01/01/1900 08:30,91,3.047375,01/01/1900 00:12,3.48333333333333,7.57246376811594,56.3304637681159,25.9120133333333,25.9120133333333,0,1,22
741675,2710688,513,Coulsdon DFC,08/01/2020 00:00:00,08-Jan-2020 06:45:00,08-Jan-2020 14:20:00,0,1.0126,0.811366103,0.890909091,0.605263158,0.8,0.777777778,07:35:00,0,64.96,0,17,T29-885kg,49,23,12,718.059001,84,183,08/01/2020 06:45,08/01/2020 14:15,01/01/1900 07:30,0,3.821176471,01/01/1900 00:13,3.79166666666667,8.2427536231884,73.2027536231884,33.6732666666667,33.6732666666667,0,2,22
741619,2710632,513,Coulsdon DFC,08/01/2020 00:00:00,08-Jan-2020 14:15:00,08-Jan-2020 21:55:00,0,1.0227,0.827244068,1.018181818,0.5,0.733333333,0.796296296,07:40:00,0,61.567,0,17,T29-885kg,56,19,11,732.111,86,182,08/01/2020 14:15,08/01/2020 21:45,01/01/1900 07:30,0,3.621588235,01/01/1900 00:12,3.83333333333333,8.33333333333333,69.9003333333333,32.1541533333333,32.1541533333333,0,1,22
742690,2712069,513,Coulsdon DFC,09/01/2020 00:00:00,09-Jan-2020 13:44:59,09-Jan-2020 21:12:00,0,0.9942,0.82604068,0.963636364,0.447368421,1,0.787037037,07:27:00,0,45.93,0,15,T29-885kg,53,17,15,731.046002,85,174,09/01/2020 13:45,09/01/2020 21:15,01/01/1900 07:30,2,3.062,01/01/1900 00:17,3.725,8.09782608695652,54.0278260869565,24.8528,24.8528,0,1,22
743953,2713371,513,Coulsdon DFC,10/01/2020 00:00:00,10-Jan-2020 05:24:00,10-Jan-2020 13:37:00,0,0.9672,0.853611303,1.018181818,0.447368421,0.6,0.759259259,08:13:00,0,55.338,0,16,T29-885kg,56,17,9,755.446003,82,198,10/01/2020 05:15,10/01/2020 13:45,01/01/1900 08:30,16,3.458625,01/01/1900 00:16,4.10833333333333,8.93115942028986,64.2691594202899,29.5638133333333,29.5638133333333,0,1,22
743999,2713418,513,Coulsdon DFC,10/01/2020 00:00:00,10-Jan-2020 05:29:59,10-Jan-2020 14:01:00,0,1.0035,0.81107682,1.036363636,0.473684211,0.466666667,0.759259259,08:31:00,0,51.863,0,16,T29-885kg,57,18,7,717.802986,82,192,10/01/2020 05:30,10/01/2020 14:00,01/01/1900 08:30,0,3.2414375,01/01/1900 00:20,4.25833333333333,9.2572463768116,61.1202463768116,28.1153133333333,28.1153133333333,0,2,22
744009,2713428,513,Coulsdon DFC,10/01/2020 00:00:00,10-Jan-2020 05:44:00,10-Jan-2020 13:38:00,0,0.9312,0.791885869,1.036363636,0.447368421,0.533333333,0.759259259,07:54:00,0,40.277,0,16,T29-885kg,57,17,8,700.818994,82,215,10/01/2020 05:30,10/01/2020 14:00,01/01/1900 08:30,35,2.5173125,01/01/1900 00:14,3.95,8.58695652173913,48.8639565217391,22.47742,22.47742,0,3,22
744027,2713446,513,Coulsdon DFC,10/01/2020 00:00:00,10-Jan-2020 05:56:00,10-Jan-2020 14:24:00,0,0.9977,0.81801808,0.963636364,0.578947368,0.533333333,0.768518519,08:28:00,0,46.67,0,17,T29-885kg,53,22,8,723.9460006,83,186,10/01/2020 05:45,10/01/2020 14:15,01/01/1900 08:30,1,2.745294118,01/01/1900 00:17,4.23333333333333,9.20289855072464,55.8728985507246,25.7015333333333,25.7015333333333,0,4,22
744078,2713497,513,Coulsdon DFC,10/01/2020 00:00:00,10-Jan-2020 07:31:00,10-Jan-2020 15:10:00,0,1.0218,0.878227125,0.963636364,0.578947368,0.666666667,0.787037037,07:39:00,0,64.319,0,17,T29-885kg,53,22,10,777.2310055,85,177,10/01/2020 07:30,10/01/2020 15:00,01/01/1900 07:30,0,3.783470588,01/01/1900 00:14,3.825,8.31521739130435,72.6342173913043,33.41174,33.41174,0,5,22
743982,2713401,513,Coulsdon DFC,10/01/2020 00:00:00,10-Jan-2020 13:24:00,10-Jan-2020 20:46:00,0,0.9816,0.845931068,1,0.447368421,0.8,0.777777778,07:22:00,0,55.149,0,17,T29-885kg,55,17,12,748.648995,84,186,10/01/2020 13:15,10/01/2020 20:45,01/01/1900 07:30,8,3.244058824,01/01/1900 00:13,3.68333333333333,8.00724637681159,63.1562463768116,29.0518733333333,29.0518733333333,0,6,22
745352,2714768,513,Coulsdon DFC,11/01/2020 00:00:00,11-Jan-2020 06:01:00,11-Jan-2020 13:55:59,0,0.9328,0.873389828,1,0.526315789,0.8,0.805555556,07:55:00,0,47.56,0,17,T29-885kg,55,20,12,772.949998,87,210,11/01/2020 05:30,11/01/2020 14:00,01/01/1900 08:30,34,2.797647059,01/01/1900 00:13,3.95833333333333,8.60507246376812,56.1650724637681,25.8359333333333,25.8359333333333,0,1,22
745369,2714785,513,Coulsdon DFC,11/01/2020 00:00:00,11-Jan-2020 06:01:59,11-Jan-2020 14:31:00,0,0.9968,0.87331186,0.981818182,0.526315789,0.733333333,0.787037037,08:29:00,0,79.62,0,18,T29-885kg,54,20,11,772.880996,85,211,11/01/2020 06:00,11/01/2020 14:30,01/01/1900 08:30,1,4.423333333,01/01/1900 00:14,4.24166666666667,9.22101449275362,88.8410144927536,40.8668666666667,40.8668666666667,0,2,22
745375,2714791,513,Coulsdon DFC,11/01/2020 00:00:00,11-Jan-2020 06:14:59,11-Jan-2020 13:47:00,0,1.0062,0.945270058,1.072727273,0.526315789,0.8,0.842592593,07:32:00,0,33.87,0,17,T29-885kg,59,20,12,836.564001,91,197,11/01/2020 06:15,11/01/2020 13:45,01/01/1900 07:30,0,1.992352941,01/01/1900 00:13,3.76666666666667,8.18840579710145,42.0584057971014,19.3468666666667,19.3468666666667,0,3,22
745373,2714789,513,Coulsdon DFC,11/01/2020 00:00:00,11-Jan-2020 06:20:00,11-Jan-2020 13:38:00,0,0.9747,0.850975148,1.018181818,0.710526316,0.8,0.87962963,07:18:00,0,47.737,0,19,T29-885kg,56,27,12,753.113006,95,225,11/01/2020 06:15,11/01/2020 13:45,01/01/1900 07:30,11,2.512473684,01/01/1900 00:09,3.65,7.93478260869565,55.6717826086956,25.60902,25.60902,0,4,22
745372,2714788,513,Coulsdon DFC,11/01/2020 00:00:00,11-Jan-2020 06:23:00,11-Jan-2020 13:52:00,0,0.9989,0.809812426,0.927272727,0.552631579,0.8,0.777777778,07:29:00,0,61.604,0,14,T29-885kg,51,21,12,716.683997,84,172,11/01/2020 06:15,11/01/2020 13:45,01/01/1900 07:30,0,4.400285714,01/01/1900 00:16,3.74166666666667,8.13405797101449,69.7380579710145,32.0795066666667,32.0795066666667,0,5,22
745382,2714798,513,Coulsdon DFC,11/01/2020 00:00:00,11-Jan-2020 06:34:00,11-Jan-2020 13:23:00,0,0.9099,0.902050846,1.018181818,0.552631579,0.933333333,0.842592593,06:49:00,0,38.35,0,16,T29-885kg,56,21,14,798.314999,91,196,11/01/2020 06:30,11/01/2020 14:00,01/01/1900 07:30,40,2.396875,01/01/1900 00:13,3.40833333333333,7.40942028985507,45.7594202898551,21.0493333333333,21.0493333333333,0,6,22
745367,2714783,513,Coulsdon DFC,11/01/2020 00:00:00,11-Jan-2020 06:35:59,11-Jan-2020 13:42:00,0,0.9476,0.833326559,1,0.526315789,0.733333333,0.796296296,07:06:00,0,46.849,0,16,T29-885kg,55,20,11,737.494005,86,171,11/01/2020 06:00,11/01/2020 13:30,01/01/1900 07:30,23,2.9280625,01/01/1900 00:12,3.55,7.71739130434783,54.5663913043478,25.10054,25.10054,0,7,22
745395,2714811,513,Coulsdon DFC,11/01/2020 00:00:00,11-Jan-2020 06:47:59,11-Jan-2020 13:59:00,0,0.9593,0.82066101,0.927272727,0.5,0.8,0.759259259,07:11:00,0,54.666,0,16,T29-885kg,51,19,12,726.284994,82,173,11/01/2020 06:45,11/01/2020 14:15,01/01/1900 07:30,18,3.416625,01/01/1900 00:14,3.59166666666667,7.80797101449275,62.4739710144928,28.7380266666667,28.7380266666667,0,8,22
745396,2714812,513,Coulsdon DFC,11/01/2020 00:00:00,11-Jan-2020 06:54:00,11-Jan-2020 14:20:00,0,0.9913,0.808202252,0.963636364,0.526315789,0.6,0.759259259,07:26:00,0,61.105,0,16,T29-885kg,53,20,9,715.258993,82,183,11/01/2020 06:45,11/01/2020 14:15,01/01/1900 07:30,3,3.8190625,01/01/1900 00:14,3.71666666666667,8.07971014492754,69.1847101449275,31.8249666666667,31.8249666666667,0,9,22
745397,2714813,513,Coulsdon DFC,11/01/2020 00:00:00,11-Jan-2020 06:57:00,11-Jan-2020 14:13:00,0,0.9677,0.89784181,1,0.552631579,0.733333333,0.805555556,07:16:00,0,53.887,0,17,T29-885kg,55,21,11,794.590002,87,184,11/01/2020 06:45,11/01/2020 14:15,01/01/1900 07:30,14,3.169823529,01/01/1900 00:13,3.63333333333333,7.89855072463768,61.7855507246377,28.4213533333333,28.4213533333333,0,10,22
745409,2714825,513,Coulsdon DFC,11/01/2020 00:00:00,11-Jan-2020 07:15:00,11-Jan-2020 14:56:00,0,1.0251,0.750383055,0.945454545,0.578947368,0.666666667,0.777777778,07:41:00,0,38.598,0,18,T29-885kg,52,22,10,664.0890033,84,193,11/01/2020 07:15,11/01/2020 14:45,01/01/1900 07:30,0,2.144333333,01/01/1900 00:11,3.84166666666667,8.35144927536232,46.9494492753623,21.5967466666667,21.5967466666667,0,11,22
745419,2714835,513,Coulsdon DFC,11/01/2020 00:00:00,11-Jan-2020 07:30:00,11-Jan-2020 16:01:00,0,1.0026,0.839901707,0.981818182,0.526315789,0.733333333,0.787037037,08:31:00,0,60.773,0,16,T29-885kg,54,20,11,743.313011,85,187,11/01/2020 07:30,11/01/2020 16:00,01/01/1900 08:30,0,3.7983125,01/01/1900 00:19,4.25833333333333,9.2572463768116,70.0302463768116,32.2139133333333,32.2139133333333,0,12,22
745426,2714842,513,Coulsdon DFC,11/01/2020 00:00:00,11-Jan-2020 07:49:00,11-Jan-2020 15:57:59,0,1.0185,0.808327682,1,0.447368421,0.666666667,0.759259259,08:09:00,0,49.565,0,17,T29-885kg,55,17,10,715.369999,82,196,11/01/2020 07:45,11/01/2020 15:45,01/01/1900 08:00,0,2.915588235,01/01/1900 00:15,4.075,8.85869565217391,58.4236956521739,26.8749,26.8749,0,13,22
745325,2714741,513,Coulsdon DFC,11/01/2020 00:00:00,11-Jan-2020 12:14:59,11-Jan-2020 20:20:00,0,1.0104,0.761358184,0.909090909,0.526315789,0.8,0.759259259,08:05:00,0,77.628,0,16,T29-885kg,50,20,12,673.801993,82,155,11/01/2020 12:15,11/01/2020 20:15,01/01/1900 08:00,0,4.85175,01/01/1900 00:17,4.04166666666667,8.78623188405797,86.414231884058,39.7505466666667,39.7505466666667,0,14,22
746455,2715894,513,Coulsdon DFC,12/01/2020 00:00:00,12-Jan-2020 05:28:59,12-Jan-2020 12:58:59,0,1.0009,0.778341247,1,0.473684211,0.666666667,0.768518519,07:30:00,0,42.51,0,17,T29-885kg,55,18,10,688.832004,83,176,12/01/2020 05:15,12/01/2020 12:45,01/01/1900 07:30,0,2.500588235,01/01/1900 00:11,3.75,8.15217391304348,50.6621739130435,23.3046,23.3046,0,1,22
746509,2715948,513,Coulsdon DFC,12/01/2020 00:00:00,12-Jan-2020 05:58:00,12-Jan-2020 13:08:59,0,0.9577,0.801448589,1,0.526315789,0.666666667,0.787037037,07:11:00,0,56.487,0,18,T29-885kg,55,20,10,709.282001,85,186,12/01/2020 05:45,12/01/2020 13:15,01/01/1900 07:30,19,3.138166667,01/01/1900 00:13,3.59166666666667,7.80797101449275,64.2949710144927,29.5756866666667,29.5756866666667,0,2,22
746514,2715953,513,Coulsdon DFC,12/01/2020 00:00:00,12-Jan-2020 06:00:00,12-Jan-2020 13:31:59,0,1.0049,0.803318652,1,0.526315789,0.466666667,0.759259259,07:32:00,0,40.8,0,17,T29-885kg,55,20,7,710.937007,82,204,12/01/2020 06:00,12/01/2020 13:30,01/01/1900 07:30,0,2.4,01/01/1900 00:12,3.76666666666667,8.18840579710145,48.9884057971015,22.5346666666667,22.5346666666667,0,3,22
746520,2715959,513,Coulsdon DFC,12/01/2020 00:00:00,12-Jan-2020 06:22:00,12-Jan-2020 13:57:00,0,1.012,0.798062146,0.981818182,0.5,0.6,0.759259259,07:35:00,0,41.827,0,17,T29-885kg,54,19,9,706.284999,82,196,12/01/2020 06:15,12/01/2020 13:45,01/01/1900 07:30,0,2.460411765,01/01/1900 00:13,3.79166666666667,8.2427536231884,50.0697536231884,23.0320866666667,23.0320866666667,0,4,22
746523,2715962,513,Coulsdon DFC,12/01/2020 00:00:00,12-Jan-2020 06:31:00,12-Jan-2020 13:49:00,0,0.9719,0.826680216,1.018181818,0.447368421,0.6,0.759259259,07:18:00,0,41.592,0,13,T29-885kg,56,17,9,731.611991,82,167,12/01/2020 06:15,12/01/2020 13:45,01/01/1900 07:30,12,3.199384615,01/01/1900 00:18,3.65,7.93478260869565,49.5267826086956,22.78232,22.78232,0,5,22
746510,2715949,513,Coulsdon DFC,12/01/2020 00:00:00,12-Jan-2020 06:32:00,12-Jan-2020 14:16:00,0,0.9088,0.785951405,0.927272727,0.552631579,0.933333333,0.796296296,07:44:00,0,47.672,0,18,T29-885kg,51,21,14,695.566993,86,199,12/01/2020 05:45,12/01/2020 14:15,01/01/1900 08:30,46,2.648444444,01/01/1900 00:14,3.86666666666667,8.40579710144928,56.0777971014493,25.7957866666667,25.7957866666667,0,6,22
746525,2715964,513,Coulsdon DFC,12/01/2020 00:00:00,12-Jan-2020 06:40:00,12-Jan-2020 14:04:00,0,0.9874,0.813344638,0.963636364,0.526315789,0.733333333,0.777777778,07:24:00,0,65.675,0,17,T29-885kg,53,20,11,719.810005,84,174,12/01/2020 06:30,12/01/2020 14:00,01/01/1900 07:30,5,3.863235294,01/01/1900 00:13,3.7,8.04347826086956,73.7184782608696,33.9105,33.9105,0,7,22
746529,2715968,513,Coulsdon DFC,12/01/2020 00:00:00,12-Jan-2020 06:57:00,12-Jan-2020 14:13:00,0,0.9689,0.866013557,0.927272727,0.815789474,0.866666667,0.87962963,07:16:00,0,52.285,0,18,T29-885kg,51,31,13,766.421998,95,203,12/01/2020 06:30,12/01/2020 14:00,01/01/1900 07:30,14,2.904722222,01/01/1900 00:12,3.63333333333333,7.89855072463768,60.1835507246377,27.6844333333333,27.6844333333333,0,8,22
746541,2715980,513,Coulsdon DFC,12/01/2020 00:00:00,12-Jan-2020 07:02:00,12-Jan-2020 13:59:00,0,0.9272,0.846457629,0.963636364,0.526315789,0.6,0.759259259,06:57:00,0,52.906,0,16,T29-885kg,53,20,9,749.115002,82,178,12/01/2020 07:00,12/01/2020 14:30,01/01/1900 07:30,32,3.306625,01/01/1900 00:14,3.475,7.55434782608696,60.460347826087,27.81176,27.81176,0,9,22
746553,2715992,513,Coulsdon DFC,12/01/2020 00:00:00,12-Jan-2020 07:20:00,12-Jan-2020 14:40:59,0,0.9811,0.849602263,0.945454545,0.526315789,0.8,0.777777778,07:21:00,0,42.254,0,18,T29-885kg,52,20,12,751.898003,84,196,12/01/2020 07:15,12/01/2020 14:45,01/01/1900 07:30,8,2.347444444,01/01/1900 00:10,3.675,7.98913043478261,50.2431304347826,23.11184,23.11184,0,10,22
746548,2715987,513,Coulsdon DFC,12/01/2020 00:00:00,12-Jan-2020 07:21:59,12-Jan-2020 14:55:00,0,1.0083,0.726717516,0.963636364,0.5,0.733333333,0.768518519,07:33:00,0,55.717,0,17,T29-885kg,53,19,11,643.145002,83,178,12/01/2020 07:15,12/01/2020 14:45,01/01/1900 07:30,0,3.277470588,01/01/1900 00:13,3.775,8.20652173913043,63.9235217391304,29.40482,29.40482,0,11,22
747542,2719532,513,Coulsdon DFC,13/01/2020 00:00:00,13-Jan-2020 05:49:00,13-Jan-2020 12:24:59,0,0.8247,0.794821469,0.927272727,0.526315789,0.733333333,0.759259259,06:36:00,0,54.634,0,17,T29-885kg,51,20,11,703.417,82,201,13/01/2020 05:15,13/01/2020 13:15,01/01/1900 08:00,84,3.213764706,01/01/1900 00:09,3.3,7.17391304347826,61.8079130434783,28.43164,28.43164,0,1,22
747631,2719622,513,Coulsdon DFC,13/01/2020 00:00:00,13-Jan-2020 06:20:00,13-Jan-2020 13:50:00,0,1,0.771023725,0.963636364,0.5,0.733333333,0.768518519,07:30:00,0,90.304,0,17,T29-885kg,53,19,11,682.355997,83,179,13/01/2020 06:15,13/01/2020 13:45,01/01/1900 07:30,0,5.312,01/01/1900 00:15,3.75,8.15217391304348,98.4561739130435,45.28984,45.28984,0,2,22
748659,2720706,513,Coulsdon DFC,14/01/2020 00:00:00,14-Jan-2020 05:53:00,14-Jan-2020 14:06:59,0,0.9679,0.825922029,0.981818182,0.552631579,0.666666667,0.787037037,08:14:00,0,42.136,0,19,T29-885kg,54,21,10,730.940996,85,229,14/01/2020 05:45,14/01/2020 14:15,01/01/1900 08:30,16,2.217684211,01/01/1900 00:09,4.11666666666667,8.94927536231884,51.0852753623188,23.4992266666667,23.4992266666667,0,1,22
749636,2721771,513,Coulsdon DFC,15/01/2020 00:00:00,15-Jan-2020 06:02:59,15-Jan-2020 12:55:00,0,0.9148,0.869752546,0.945454545,0.526315789,0.666666667,0.759259259,06:52:00,0,65.609,0,17,T29-885kg,52,20,10,769.731003,82,178,15/01/2020 05:45,15/01/2020 13:15,01/01/1900 07:30,38,3.859352941,01/01/1900 00:13,3.43333333333333,7.46376811594203,73.072768115942,33.6134733333333,33.6134733333333,0,1,22
749643,2721778,513,Coulsdon DFC,15/01/2020 00:00:00,15-Jan-2020 06:22:00,15-Jan-2020 13:55:59,0,0.8892,0.820507351,0.981818182,0.578947368,0.533333333,0.777777778,07:34:00,0,44.622,0,17,T29-885kg,54,22,8,726.1490055,84,207,15/01/2020 06:00,15/01/2020 14:30,01/01/1900 08:30,56,2.624823529,01/01/1900 00:13,3.78333333333333,8.22463768115942,52.8466376811594,24.3094533333333,24.3094533333333,0,2,22
749613,2721748,513,Coulsdon DFC,15/01/2020 00:00:00,15-Jan-2020 14:37:00,15-Jan-2020 21:38:00,0,0.9359,0.809015814,0.981818182,0.526315789,1.066666667,0.833333333,07:01:00,0,58.579,0,18,T29-885kg,54,20,16,715.978995,90,188,15/01/2020 14:15,15/01/2020 21:45,01/01/1900 07:30,28,3.254388889,01/01/1900 00:12,3.50833333333333,7.6268115942029,66.2058115942029,30.4546733333333,30.4546733333333,0,1,22
750702,2727088,513,Coulsdon DFC,16/01/2020 00:00:00,16-Jan-2020 06:31:00,16-Jan-2020 14:10:00,0,1.0204,0.812225988,0.963636364,0.526315789,0.6,0.759259259,07:39:00,0,45.29,0,18,T29-885kg,53,20,9,718.819999,82,236,16/01/2020 06:30,16/01/2020 14:00,01/01/1900 07:30,0,2.516111111,01/01/1900 00:10,3.825,8.31521739130435,53.6052173913044,24.6584,24.6584,0,1,22
750666,2727048,513,Coulsdon DFC,16/01/2020 00:00:00,16-Jan-2020 06:36:59,16-Jan-2020 14:08:00,0,0.8846,0.808054234,0.945454545,0.631578947,0.466666667,0.768518519,07:31:00,0,39.699,0,17,T29-885kg,52,24,7,715.127997,83,223,16/01/2020 05:30,16/01/2020 14:00,01/01/1900 08:30,58,2.335235294,01/01/1900 00:11,3.75833333333333,8.17028985507246,47.8692898550725,22.0198733333333,22.0198733333333,0,2,22
750682,2727068,513,Coulsdon DFC,16/01/2020 00:00:00,16-Jan-2020 06:46:59,16-Jan-2020 14:21:00,0,0.8905,0.849516386,0.963636364,0.5,0.733333333,0.768518519,07:34:00,0,48.781,0,17,T29-885kg,53,19,11,751.8220017,83,203,16/01/2020 05:45,16/01/2020 14:15,01/01/1900 08:30,55,2.869470588,01/01/1900 00:12,3.78333333333333,8.22463768115942,57.0056376811594,26.2225933333333,26.2225933333333,0,3,22
750705,2727091,513,Coulsdon DFC,16/01/2020 00:00:00,16-Jan-2020 07:20:59,16-Jan-2020 13:52:00,0,0.8697,0.797955933,0.981818182,0.552631579,0.666666667,0.787037037,06:31:00,0,44.887,0,17,T29-885kg,54,21,10,706.191001,85,197,16/01/2020 06:45,16/01/2020 14:15,01/01/1900 07:30,58,2.640411765,01/01/1900 00:11,3.25833333333333,7.08333333333333,51.9703333333333,23.9063533333333,23.9063533333333,0,4,22
750656,2727037,513,Coulsdon DFC,16/01/2020 00:00:00,16-Jan-2020 13:44:59,16-Jan-2020 21:12:00,0,0.9929,0.85052316,0.927272727,0.578947368,0.666666667,0.768518519,07:27:00,0,64.47,0,17,T29-885kg,51,22,10,752.712997,83,202,16/01/2020 13:45,16/01/2020 21:15,01/01/1900 07:30,3,3.792352941,01/01/1900 00:14,3.725,8.09782608695652,72.5678260869565,33.3812,33.3812,0,5,22
750662,2727043,513,Coulsdon DFC,16/01/2020 00:00:00,16-Jan-2020 14:27:00,16-Jan-2020 21:36:59,0,0.9546,0.829533346,1.018181818,0.5,0.466666667,0.759259259,07:10:00,0,45.462,0,13,T29-885kg,56,19,7,734.137011,82,188,16/01/2020 14:15,16/01/2020 21:45,01/01/1900 07:30,20,3.497076923,01/01/1900 00:14,3.58333333333333,7.78985507246377,53.2518550724638,24.4958533333333,24.4958533333333,0,1,22
750669,2727051,513,Coulsdon DFC,16/01/2020 00:00:00,16-Jan-2020 15:19:00,16-Jan-2020 22:27:00,0,0.9508,0.84333785,1.036363636,0.473684211,0.666666667,0.787037037,07:08:00,0,62.296,0,19,T29-885kg,57,18,10,746.353997,85,180,16/01/2020 14:45,16/01/2020 22:15,01/01/1900 07:30,22,3.278736842,01/01/1900 00:13,3.56666666666667,7.7536231884058,70.0496231884058,32.2228266666667,32.2228266666667,0,2,22
751903,2729784,513,Coulsdon DFC,17/01/2020 00:00:00,17-Jan-2020 05:44:00,17-Jan-2020 13:25:00,0,0.9029,0.826952541,1,0.473684211,0.733333333,0.777777778,07:41:00,0,45.528,0,17,T29-885kg,55,18,11,731.852999,84,212,17/01/2020 05:15,17/01/2020 13:45,01/01/1900 08:30,49,2.678117647,01/01/1900 00:11,3.84166666666667,8.35144927536232,53.8794492753623,24.7845466666667,24.7845466666667,0,1,22
751965,2729854,513,Coulsdon DFC,17/01/2020 00:00:00,17-Jan-2020 05:50:59,17-Jan-2020 13:13:00,0,0.9832,0.89934464,1,0.710526316,0.6,0.842592593,07:22:00,0,47.886,0,18,T29-885kg,55,27,9,795.920006,91,205,17/01/2020 05:45,17/01/2020 13:15,01/01/1900 07:30,7,2.660333333,01/01/1900 00:11,3.68333333333333,8.00724637681159,55.8932463768116,25.7108933333333,25.7108933333333,0,2,22
751902,2729783,513,Coulsdon DFC,17/01/2020 00:00:00,17-Jan-2020 06:23:00,17-Jan-2020 12:54:00,0,0.8689,0.782903947,0.890909091,0.578947368,0.866666667,0.777777778,06:31:00,0,50.897,0,18,T29-885kg,49,22,13,692.869993,84,170,17/01/2020 05:15,17/01/2020 12:45,01/01/1900 07:30,59,2.827611111,01/01/1900 00:09,3.25833333333333,7.08333333333333,57.9803333333333,26.6709533333333,26.6709533333333,0,3,22
751977,2729866,513,Coulsdon DFC,17/01/2020 00:00:00,17-Jan-2020 06:41:00,17-Jan-2020 14:33:00,0,0.9242,0.882111873,0.963636364,0.605263158,0.8,0.814814815,07:52:00,0,67.529,0,18,T29-885kg,53,23,12,780.669008,88,188,17/01/2020 06:00,17/01/2020 14:30,01/01/1900 08:30,38,3.751611111,01/01/1900 00:15,3.93333333333333,8.55072463768116,76.0797246376812,34.9966733333333,34.9966733333333,0,4,22
752013,2729911,513,Coulsdon DFC,17/01/2020 00:00:00,17-Jan-2020 07:50:00,17-Jan-2020 14:37:00,0,0.9043,0.820022608,1.036363636,0.447368421,0.733333333,0.787037037,06:47:00,0,38.887,0,16,T29-885kg,57,17,11,725.720008,85,206,17/01/2020 07:45,17/01/2020 15:15,01/01/1900 07:30,43,2.4304375,01/01/1900 00:10,3.39166666666667,7.3731884057971,46.2601884057971,21.2796866666667,21.2796866666667,0,5,22
751914,2729796,513,Coulsdon DFC,17/01/2020 00:00:00,17-Jan-2020 08:44:00,17-Jan-2020 15:23:59,0,0.8903,0.849892659,0.963636364,0.447368421,0.8,0.759259259,06:40:00,0,42.39,0,16,T29-885kg,53,17,12,752.155003,82,161,17/01/2020 08:30,17/01/2020 16:00,01/01/1900 07:30,49,2.649375,01/01/1900 00:11,3.33333333333333,7.2463768115942,49.6363768115942,22.8327333333333,22.8327333333333,0,6,22
751933,2729816,513,Coulsdon DFC,17/01/2020 00:00:00,17-Jan-2020 13:47:00,17-Jan-2020 21:27:00,0,1.0216,0.784680227,1,0.447368421,0.666666667,0.759259259,07:40:00,0,56.719,0,17,T29-885kg,55,17,10,694.442001,82,185,17/01/2020 13:45,17/01/2020 21:15,01/01/1900 07:30,0,3.336411765,01/01/1900 00:13,3.83333333333333,8.33333333333333,65.0523333333333,29.9240733333333,29.9240733333333,0,1,22
751946,2729829,513,Coulsdon DFC,17/01/2020 00:00:00,17-Jan-2020 14:16:59,17-Jan-2020 21:20:00,0,0.9402,0.853972884,0.945454545,0.447368421,0.866666667,0.759259259,07:03:00,0,44.236,0,14,T29-885kg,52,17,13,755.766002,82,185,17/01/2020 14:15,17/01/2020 21:45,01/01/1900 07:30,26,3.159714286,01/01/1900 00:14,3.525,7.66304347826087,51.8990434782609,23.87356,23.87356,0,2,22
751956,2729840,513,Coulsdon DFC,17/01/2020 00:00:00,17-Jan-2020 15:13:59,17-Jan-2020 21:57:59,0,0.898,0.832235026,0.981818182,0.552631579,0.733333333,0.796296296,06:44:00,0,49.509,0,17,T29-885kg,54,21,11,736.527998,86,200,17/01/2020 14:45,17/01/2020 22:15,01/01/1900 07:30,45,2.912294118,01/01/1900 00:10,3.36666666666667,7.31884057971014,56.8278405797101,26.1408066666667,26.1408066666667,0,3,22
753229,2731809,513,Coulsdon DFC,18/01/2020 00:00:00,18-Jan-2020 05:35:00,18-Jan-2020 12:47:59,0,0.9632,0.855949159,1,0.5,0.666666667,0.777777778,07:13:00,0,38.727,0,18,T29-885kg,55,19,10,757.515006,84,213,18/01/2020 05:15,18/01/2020 12:45,01/01/1900 07:30,16,2.1515,01/01/1900 00:10,3.60833333333333,7.84420289855072,46.5712028985507,21.4227533333333,21.4227533333333,0,1,22
753274,2731859,513,Coulsdon DFC,18/01/2020 00:00:00,18-Jan-2020 06:22:00,18-Jan-2020 13:02:00,0,0.8891,0.813317518,1,0.5,0.733333333,0.787037037,06:40:00,0,68.516,0,16,T29-885kg,55,19,11,719.786003,85,153,18/01/2020 05:45,18/01/2020 13:15,01/01/1900 07:30,49,4.28225,01/01/1900 00:15,3.33333333333333,7.2463768115942,75.7623768115942,34.8506933333333,34.8506933333333,0,2,22
753277,2731862,513,Coulsdon DFC,18/01/2020 00:00:00,18-Jan-2020 06:22:00,18-Jan-2020 13:20:00,0,0.8206,0.827273443,0.890909091,0.605263158,0.733333333,0.768518519,06:58:00,0,52.115,0,17,T29-885kg,49,23,11,732.136997,83,208,18/01/2020 05:45,18/01/2020 14:15,01/01/1900 08:30,91,3.065588235,01/01/1900 00:10,3.48333333333333,7.57246376811594,59.6874637681159,27.4562333333333,27.4562333333333,0,3,22
753232,2731812,513,Coulsdon DFC,18/01/2020 00:00:00,18-Jan-2020 06:27:00,18-Jan-2020 12:59:59,0,0.8734,0.812925425,0.945454545,0.526315789,0.733333333,0.768518519,06:33:00,0,48.868,0,16,T29-885kg,52,20,11,719.4390015,83,164,18/01/2020 05:30,18/01/2020 13:00,01/01/1900 07:30,56,3.05425,01/01/1900 00:14,3.275,7.1195652173913,55.9875652173913,25.75428,25.75428,0,4,22
753291,2731876,513,Coulsdon DFC,18/01/2020 00:00:00,18-Jan-2020 06:30:00,18-Jan-2020 13:54:59,0,0.9883,0.817404523,1.036363636,0.578947368,0.533333333,0.805555556,07:25:00,0,44.448,0,19,T29-885kg,57,22,8,723.403003,87,243,18/01/2020 06:15,18/01/2020 13:45,01/01/1900 07:30,5,2.339368421,01/01/1900 00:09,3.70833333333333,8.06159420289855,52.5095942028986,24.1544133333333,24.1544133333333,0,5,22
753302,2731887,513,Coulsdon DFC,18/01/2020 00:00:00,18-Jan-2020 06:34:00,18-Jan-2020 14:00:00,0,0.9912,0.804451983,0.963636364,0.473684211,0.733333333,0.759259259,07:26:00,0,68.786,0,15,T29-885kg,53,18,11,711.940005,82,171,18/01/2020 06:30,18/01/2020 14:00,01/01/1900 07:30,3,4.585733333,01/01/1900 00:16,3.71666666666667,8.07971014492754,76.8657101449275,35.3582266666667,35.3582266666667,0,6,22
753285,2731870,513,Coulsdon DFC,18/01/2020 00:00:00,18-Jan-2020 06:46:00,18-Jan-2020 14:43:00,0,0.9342,0.853679098,1,0.447368421,0.666666667,0.759259259,07:57:00,0,43.996,0,18,T29-885kg,55,17,10,755.506002,82,234,18/01/2020 06:00,18/01/2020 14:30,01/01/1900 08:30,33,2.444222222,01/01/1900 00:12,3.975,8.64130434782609,52.6373043478261,24.21316,24.21316,0,7,22
753307,2731892,513,Coulsdon DFC,18/01/2020 00:00:00,18-Jan-2020 06:54:00,18-Jan-2020 14:06:59,0,0.9629,0.810657629,1,0.5,0.6,0.768518519,07:13:00,0,57.36,0,17,T29-885kg,55,19,9,717.432002,83,189,18/01/2020 06:30,18/01/2020 14:00,01/01/1900 07:30,16,3.374117647,01/01/1900 00:13,3.60833333333333,7.84420289855072,65.2042028985507,29.9939333333333,29.9939333333333,0,8,22
753309,2731894,513,Coulsdon DFC,18/01/2020 00:00:00,18-Jan-2020 07:08:00,18-Jan-2020 13:49:00,0,0.8914,0.912847454,1.018181818,0.5,0.666666667,0.787037037,06:41:00,0,58.754,0,16,T29-885kg,56,19,10,807.869997,85,171,18/01/2020 06:45,18/01/2020 14:15,01/01/1900 07:30,48,3.672125,01/01/1900 00:11,3.34166666666667,7.26449275362319,66.0184927536232,30.3685066666667,30.3685066666667,0,9,22
753311,2731896,513,Coulsdon DFC,18/01/2020 00:00:00,18-Jan-2020 07:08:00,18-Jan-2020 14:28:59,0,0.9815,0.749318647,0.981818182,0.447368421,0.8,0.768518519,07:21:00,0,54.873,0,17,T29-885kg,54,17,12,663.147003,83,186,18/01/2020 06:45,18/01/2020 14:15,01/01/1900 07:30,8,3.227823529,01/01/1900 00:12,3.675,7.98913043478261,62.8621304347826,28.91658,28.91658,0,10,22
753315,2731900,513,Coulsdon DFC,18/01/2020 00:00:00,18-Jan-2020 07:08:59,18-Jan-2020 14:15:00,0,0.9465,0.903639545,1,0.473684211,0.8,0.787037037,07:06:00,0,50.66,0,16,T29-885kg,55,18,12,799.720997,85,184,18/01/2020 06:45,18/01/2020 14:15,01/01/1900 07:30,24,3.16625,01/01/1900 00:13,3.55,7.71739130434783,58.3773913043478,26.8536,26.8536,0,11,22
753321,2731906,513,Coulsdon DFC,18/01/2020 00:00:00,18-Jan-2020 07:19:00,18-Jan-2020 14:51:59,0,1.0072,0.847636162,1.018181818,0.552631579,0.8,0.824074074,07:33:00,0,53.341,0,20,T29-885kg,56,21,12,750.158003,89,211,18/01/2020 07:15,18/01/2020 14:45,01/01/1900 07:30,0,2.66705,01/01/1900 00:12,3.775,8.20652173913043,61.5475217391304,28.31186,28.31186,0,12,22
753328,2731913,513,Coulsdon DFC,18/01/2020 00:00:00,18-Jan-2020 07:30:00,18-Jan-2020 14:37:00,0,0.9496,0.919423728,1,0.605263158,0.866666667,0.842592593,07:07:00,0,37.024,0,18,T29-885kg,55,23,13,813.689999,91,186,18/01/2020 07:15,18/01/2020 14:45,01/01/1900 07:30,22,2.056888889,01/01/1900 00:08,3.55833333333333,7.73550724637681,44.7595072463768,20.5893733333333,20.5893733333333,0,13,22
753326,2731911,513,Coulsdon DFC,18/01/2020 00:00:00,18-Jan-2020 07:40:00,18-Jan-2020 14:53:00,0,0.9629,0.860198869,1,0.605263158,0.666666667,0.814814815,07:13:00,0,61.262,0,19,T29-885kg,55,23,10,761.275999,88,211,18/01/2020 07:15,18/01/2020 14:45,01/01/1900 07:30,16,3.224315789,01/01/1900 00:10,3.60833333333333,7.84420289855072,69.1062028985507,31.7888533333333,31.7888533333333,0,14,22
753242,2731824,513,Coulsdon DFC,18/01/2020 00:00:00,18-Jan-2020 08:53:00,18-Jan-2020 17:03:00,0,1.0874,0.885883621,0.981818182,0.552631579,1,0.833333333,08:10:00,0,81.602,0,18,T29-885kg,54,21,15,784.007005,90,189,18/01/2020 08:45,18/01/2020 16:15,01/01/1900 07:30,0,4.533444444,01/01/1900 00:15,4.08333333333333,8.8768115942029,90.4788115942029,41.6202533333333,41.6202533333333,0,15,22
753269,2731853,513,Coulsdon DFC,18/01/2020 00:00:00,18-Jan-2020 14:49:00,18-Jan-2020 22:19:00,0,1.0007,0.864005649,0.963636364,0.578947368,0.6,0.777777778,07:30:00,0,58.096,0,13,T29-885kg,53,22,9,764.644999,84,183,18/01/2020 14:45,18/01/2020 22:15,01/01/1900 07:30,0,4.468923077,01/01/1900 00:18,3.75,8.15217391304348,66.2481739130435,30.47416,30.47416,0,1,22
754364,2734334,513,Coulsdon DFC,19/01/2020 00:00:00,19-Jan-2020 05:33:00,19-Jan-2020 12:43:00,0,0.9556,0.76879209,0.981818182,0.473684211,0.866666667,0.787037037,07:10:00,0,55.284,0,16,T29-885kg,54,18,13,680.381,85,186,19/01/2020 05:15,19/01/2020 12:45,01/01/1900 07:30,19,3.45525,01/01/1900 00:13,3.58333333333333,7.78985507246377,63.0738550724638,29.0139733333333,29.0139733333333,0,1,22
754367,2734337,513,Coulsdon DFC,19/01/2020 00:00:00,19-Jan-2020 05:59:00,19-Jan-2020 12:58:59,0,0.9343,0.723903954,1,0.5,0.533333333,0.759259259,07:00:00,0,62.055,0,17,T29-885kg,55,19,8,640.654999,82,176,19/01/2020 05:30,19/01/2020 13:00,01/01/1900 07:30,29,3.650294118,01/01/1900 00:12,3.5,7.60869565217391,69.6636956521739,32.0453,32.0453,0,2,22
754417,2734390,513,Coulsdon DFC,19/01/2020 00:00:00,19-Jan-2020 06:13:59,19-Jan-2020 13:33:59,0,0.8613,0.770633899,0.981818182,0.605263158,0.466666667,0.777777778,07:20:00,0,42.37,0,19,T29-885kg,54,23,7,682.011001,84,223,19/01/2020 05:45,19/01/2020 14:15,01/01/1900 08:30,70,2.23,01/01/1900 00:11,3.66666666666667,7.97101449275362,50.3410144927536,23.1568666666667,23.1568666666667,0,3,22
754423,2734396,513,Coulsdon DFC,19/01/2020 00:00:00,19-Jan-2020 06:14:59,19-Jan-2020 13:59:00,0,1.0314,0.789228243,0.890909091,0.605263158,1,0.805555556,07:44:00,0,52.032,0,19,T29-885kg,49,23,15,698.466995,87,218,19/01/2020 06:15,19/01/2020 13:45,01/01/1900 07:30,0,2.738526316,01/01/1900 00:09,3.86666666666667,8.40579710144928,60.4377971014493,27.8013866666667,27.8013866666667,0,4,22
754424,2734397,513,Coulsdon DFC,19/01/2020 00:00:00,19-Jan-2020 06:16:00,19-Jan-2020 13:40:00,0,0.987,0.7384113,0.981818182,0.473684211,0.733333333,0.768518519,07:24:00,0,51.877,0,18,T29-885kg,54,18,11,653.4940006,83,221,19/01/2020 06:15,19/01/2020 13:45,01/01/1900 07:30,5,2.882055556,01/01/1900 00:10,3.7,8.04347826086956,59.9204782608696,27.56342,27.56342,0,5,22
754414,2734387,513,Coulsdon DFC,19/01/2020 00:00:00,19-Jan-2020 06:23:59,19-Jan-2020 13:21:59,0,0.9277,0.84955141,1,0.605263158,0.8,0.833333333,06:58:00,0,48.746,0,18,T29-885kg,55,23,12,751.852998,90,211,19/01/2020 05:45,19/01/2020 13:15,01/01/1900 07:30,32,2.708111111,01/01/1900 00:09,3.48333333333333,7.57246376811594,56.3184637681159,25.9064933333333,25.9064933333333,0,6,22
754426,2734399,513,Coulsdon DFC,19/01/2020 00:00:00,19-Jan-2020 06:23:59,19-Jan-2020 13:52:00,0,0.9959,0.881390959,1,0.552631579,0.6,0.787037037,07:28:00,0,59.526,0,17,T29-885kg,55,21,9,780.0309987,85,213,19/01/2020 06:15,19/01/2020 13:45,01/01/1900 07:30,1,3.501529412,01/01/1900 00:13,3.73333333333333,8.11594202898551,67.6419420289855,31.1152933333333,31.1152933333333,0,7,22
754427,2734400,513,Coulsdon DFC,19/01/2020 00:00:00,19-Jan-2020 06:38:00,19-Jan-2020 13:50:00,0,0.9611,0.818621464,1,0.473684211,0.866666667,0.796296296,07:12:00,0,36.614,0,19,T29-885kg,55,18,13,724.4799955,86,209,19/01/2020 06:15,19/01/2020 13:45,01/01/1900 07:30,17,1.927052632,01/01/1900 00:09,3.6,7.82608695652174,44.4400869565217,20.44244,20.44244,0,8,22
754441,2734414,513,Coulsdon DFC,19/01/2020 00:00:00,19-Jan-2020 06:52:00,19-Jan-2020 13:37:00,0,0.9014,0.819928814,0.909090909,0.5,1,0.777777778,06:45:00,0,66.624,0,15,T29-885kg,50,19,15,725.637,84,157,19/01/2020 06:45,19/01/2020 14:15,01/01/1900 07:30,44,4.4416,01/01/1900 00:16,3.375,7.33695652173913,73.9609565217391,34.02204,34.02204,0,9,22
754368,2734338,513,Coulsdon DFC,19/01/2020 00:00:00,19-Jan-2020 08:00:00,19-Jan-2020 15:39:00,0,1.0203,0.819977403,0.981818182,0.552631579,0.666666667,0.787037037,07:39:00,0,59.226,0,20,T29-885kg,54,21,10,725.680002,85,221,19/01/2020 08:00,19/01/2020 15:30,01/01/1900 07:30,0,2.9613,01/01/1900 00:11,3.825,8.31521739130435,67.5412173913044,31.06896,31.06896,0,10,22
754373,2734343,513,Coulsdon DFC,19/01/2020 00:00:00,19-Jan-2020 08:15:00,19-Jan-2020 15:34:00,0,0.9767,0.792885875,0.927272727,0.552631579,0.8,0.777777778,07:19:00,0,54.418,0,19,T29-885kg,51,21,12,701.703999,84,211,19/01/2020 08:15,19/01/2020 15:45,01/01/1900 07:30,10,2.864105263,01/01/1900 00:10,3.65833333333333,7.95289855072464,62.3708985507246,28.6906133333333,28.6906133333333,0,11,22
754372,2734342,513,Coulsdon DFC,19/01/2020 00:00:00,19-Jan-2020 08:16:59,19-Jan-2020 15:57:00,0,1.0228,0.852097168,0.963636364,0.605263158,0.866666667,0.824074074,07:40:00,0,76.527,0,18,T29-885kg,53,23,13,754.105994,89,203,19/01/2020 08:15,19/01/2020 15:45,01/01/1900 07:30,0,4.2515,01/01/1900 00:14,3.83333333333333,8.33333333333333,84.8603333333333,39.0357533333333,39.0357533333333,0,12,22
754411,2734382,513,Coulsdon DFC,19/01/2020 00:00:00,19-Jan-2020 15:20:00,19-Jan-2020 22:20:59,0,0.9348,0.789746898,0.981818182,0.447368421,0.933333333,0.787037037,07:01:00,0,59.552,0,16,T29-885kg,54,17,14,698.926005,85,185,19/01/2020 15:15,19/01/2020 22:45,01/01/1900 07:30,29,3.722,01/01/1900 00:11,3.50833333333333,7.6268115942029,67.1788115942029,30.9022533333333,30.9022533333333,0,1,22
755434,2735820,513,Coulsdon DFC,20/01/2020 00:00:00,20-Jan-2020 05:53:00,20-Jan-2020 13:51:00,0,0.937,0.777247456,0.981818182,0.473684211,0.666666667,0.759259259,07:58:00,0,47.759,0,18,T29-885kg,54,18,10,687.863999,82,199,20/01/2020 05:15,20/01/2020 13:45,01/01/1900 08:30,32,2.653277778,01/01/1900 00:14,3.98333333333333,8.65942028985507,56.4184202898551,25.9524733333333,25.9524733333333,0,1,22
755438,2735824,513,Coulsdon DFC,20/01/2020 00:00:00,20-Jan-2020 06:00:00,20-Jan-2020 13:23:00,0,0.8695,0.75733447,1,0.473684211,0.733333333,0.777777778,07:23:00,0,53.542,0,17,T29-885kg,55,18,11,670.241006,84,203,20/01/2020 05:15,20/01/2020 13:45,01/01/1900 08:30,66,3.149529412,01/01/1900 00:12,3.69166666666667,8.02536231884058,61.5673623188406,28.3209866666667,28.3209866666667,0,2,22
755499,2735885,513,Coulsdon DFC,20/01/2020 00:00:00,20-Jan-2020 06:07:00,20-Jan-2020 13:15:00,0,0.9514,0.85139887,0.981818182,0.5,0.666666667,0.768518519,07:08:00,0,49.242,0,15,T29-885kg,54,19,10,753.488,83,199,20/01/2020 05:45,20/01/2020 13:15,01/01/1900 07:30,21,3.2828,01/01/1900 00:13,3.56666666666667,7.7536231884058,56.9956231884058,26.2179866666667,26.2179866666667,0,3,22
755503,2735889,513,Coulsdon DFC,20/01/2020 00:00:00,20-Jan-2020 06:09:00,20-Jan-2020 12:43:00,0,0.7729,0.86748022,1.018181818,0.473684211,0.533333333,0.759259259,06:34:00,0,45.433,0,15,T29-885kg,56,18,8,767.719995,82,176,20/01/2020 05:45,20/01/2020 14:15,01/01/1900 08:30,115,3.028866667,01/01/1900 00:12,3.28333333333333,7.13768115942029,52.5706811594203,24.1825133333333,24.1825133333333,0,4,22
755496,2735882,513,Coulsdon DFC,20/01/2020 00:00:00,20-Jan-2020 06:22:00,20-Jan-2020 14:05:00,0,0.9093,0.84521921,1,0.552631579,0.933333333,0.833333333,07:43:00,0,54.637,0,18,T29-885kg,55,21,14,748.019001,90,197,20/01/2020 05:30,20/01/2020 14:00,01/01/1900 08:30,46,3.035388889,01/01/1900 00:10,3.85833333333333,8.38768115942029,63.0246811594203,28.9913533333333,28.9913533333333,0,5,22
755528,2735914,513,Coulsdon DFC,20/01/2020 00:00:00,20-Jan-2020 06:30:00,20-Jan-2020 14:11:00,0,1.0262,0.783289266,1,0.473684211,0.6,0.759259259,07:41:00,0,49.228,0,16,T29-885kg,55,18,9,693.211,82,229,20/01/2020 06:30,20/01/2020 14:00,01/01/1900 07:30,0,3.07675,01/01/1900 00:14,3.84166666666667,8.35144927536232,57.5794492753623,26.4865466666667,26.4865466666667,0,6,22
755521,2735907,513,Coulsdon DFC,20/01/2020 00:00:00,20-Jan-2020 06:38:00,20-Jan-2020 13:51:00,0,0.9623,0.81413672,0.945454545,0.526315789,0.666666667,0.759259259,07:13:00,0,62.954,0,15,T29-885kg,52,20,10,720.510997,82,170,20/01/2020 06:15,20/01/2020 13:45,01/01/1900 07:30,16,4.196933333,01/01/1900 00:17,3.60833333333333,7.84420289855072,70.7982028985507,32.5671733333333,32.5671733333333,0,7,22
755537,2735923,513,Coulsdon DFC,20/01/2020 00:00:00,20-Jan-2020 06:45:00,20-Jan-2020 13:32:59,0,0.9076,0.809745762,1.036363636,0.473684211,0.6,0.777777778,06:48:00,0,38.871,0,16,T29-885kg,57,18,9,716.6249995,84,210,20/01/2020 06:45,20/01/2020 14:15,01/01/1900 07:30,41,2.4294375,01/01/1900 00:10,3.4,7.39130434782609,46.2623043478261,21.28066,21.28066,0,8,22
755514,2735900,513,Coulsdon DFC,20/01/2020 00:00:00,20-Jan-2020 06:50:00,20-Jan-2020 14:35:00,0,0.9108,0.812497173,0.945454545,0.5,0.733333333,0.759259259,07:45:00,0,62.611,0,18,T29-885kg,52,19,11,719.059998,82,178,20/01/2020 06:00,20/01/2020 14:30,01/01/1900 08:30,45,3.478388889,01/01/1900 00:13,3.875,8.42391304347826,71.0349130434783,32.67606,32.67606,0,9,22
755539,2735925,513,Coulsdon DFC,20/01/2020 00:00:00,20-Jan-2020 06:54:00,20-Jan-2020 13:50:00,0,0.9258,0.881967236,0.963636364,0.868421053,0.466666667,0.861111111,06:56:00,0,40.343,0,12,T29-885kg,53,33,7,780.541004,93,200,20/01/2020 06:45,20/01/2020 14:15,01/01/1900 07:30,33,3.361916667,01/01/1900 00:18,3.46666666666667,7.53623188405797,47.879231884058,22.0244466666667,22.0244466666667,0,10,22
755527,2735913,513,Coulsdon DFC,20/01/2020 00:00:00,20-Jan-2020 07:02:00,20-Jan-2020 13:43:59,0,0.8937,0.802488138,1.018181818,0.552631579,0.533333333,0.787037037,06:42:00,0,48.619,0,15,T29-885kg,56,21,8,710.202002,85,182,20/01/2020 06:30,20/01/2020 14:00,01/01/1900 07:30,47,3.241266667,01/01/1900 00:12,3.35,7.28260869565217,55.9016086956522,25.71474,25.71474,0,11,22
755441,2735827,513,Coulsdon DFC,20/01/2020 00:00:00,20-Jan-2020 08:00:00,20-Jan-2020 15:42:00,0,1.0269,0.847729942,1,0.526315789,0.666666667,0.787037037,07:42:00,0,46.405,0,17,T29-885kg,55,20,10,750.2409985,85,188,20/01/2020 08:00,20/01/2020 15:30,01/01/1900 07:30,0,2.729705882,01/01/1900 00:14,3.85,8.3695652173913,54.7745652173913,25.1963,25.1963,0,12,22
755469,2735855,513,Coulsdon DFC,20/01/2020 00:00:00,20-Jan-2020 14:12:00,20-Jan-2020 21:21:00,0,0.9536,0.801474574,0.963636364,0.5,0.733333333,0.768518519,07:09:00,0,46.864,0,19,T29-885kg,53,19,11,709.304998,83,215,20/01/2020 13:45,20/01/2020 21:15,01/01/1900 07:30,20,2.466526316,01/01/1900 00:09,3.575,7.77173913043478,54.6357391304348,25.13244,25.13244,0,2,22
756508,2736961,513,Coulsdon DFC,21/01/2020 00:00:00,21-Jan-2020 05:29:59,21-Jan-2020 13:25:00,0,1.0557,0.825291521,1,0.526315789,0.533333333,0.768518519,07:55:00,0,72.629,0,16,T29-885kg,55,20,8,730.382996,83,178,21/01/2020 05:30,21/01/2020 13:00,01/01/1900 07:30,0,4.5393125,01/01/1900 00:16,3.95833333333333,8.60507246376812,81.2340724637681,37.3676733333333,37.3676733333333,0,1,22
756526,2736979,513,Coulsdon DFC,21/01/2020 00:00:00,21-Jan-2020 05:32:00,21-Jan-2020 13:53:59,0,0.9835,0.724761583,0.872727273,0.552631579,0.866666667,0.759259259,08:22:00,0,65.233,0,19,T29-885kg,48,21,13,641.414001,82,182,21/01/2020 05:30,21/01/2020 14:00,01/01/1900 08:30,8,3.433315789,01/01/1900 00:15,4.18333333333333,9.09420289855072,74.3272028985507,34.1905133333333,34.1905133333333,0,2,22
756495,2736948,513,Coulsdon DFC,21/01/2020 00:00:00,21-Jan-2020 05:38:59,21-Jan-2020 13:29:00,0,1.0448,0.859028246,0.981818182,0.578947368,0.4,0.759259259,07:50:00,0,49.966,0,17,T29-885kg,54,22,6,760.239998,82,208,21/01/2020 05:30,21/01/2020 13:00,01/01/1900 07:30,0,2.939176471,01/01/1900 00:13,3.91666666666667,8.51449275362319,58.4804927536232,26.9010266666667,26.9010266666667,0,3,22
756539,2736994,513,Coulsdon DFC,21/01/2020 00:00:00,21-Jan-2020 06:02:59,21-Jan-2020 13:42:59,0,0.9007,0.767433908,0.981818182,0.526315789,0.733333333,0.787037037,07:40:00,0,57.416,0,20,T29-885kg,54,20,11,679.179009,85,216,21/01/2020 05:30,21/01/2020 14:00,01/01/1900 08:30,50,2.8708,01/01/1900 00:12,3.83333333333333,8.33333333333333,65.7493333333333,30.2446933333333,30.2446933333333,0,4,22
756546,2737001,513,Coulsdon DFC,21/01/2020 00:00:00,21-Jan-2020 06:07:00,21-Jan-2020 13:49:00,0,0.9064,0.83924972,1,0.447368421,0.666666667,0.759259259,07:42:00,0,44.492,0,16,T29-885kg,55,17,10,742.736002,82,194,21/01/2020 05:45,21/01/2020 14:15,01/01/1900 08:30,47,2.78075,01/01/1900 00:14,3.85,8.3695652173913,52.8615652173913,24.31632,24.31632,0,5,22
756548,2737003,513,Coulsdon DFC,21/01/2020 00:00:00,21-Jan-2020 06:12:59,21-Jan-2020 13:03:00,0,0.8038,0.832732203,0.981818182,0.5,0.8,0.787037037,06:50:00,0,42.198,0,14,T29-885kg,54,19,12,736.9679998,85,177,21/01/2020 05:45,21/01/2020 14:15,01/01/1900 08:30,100,3.014142857,01/01/1900 00:14,3.41666666666667,7.42753623188406,49.6255362318841,22.8277466666667,22.8277466666667,0,6,22
756556,2737011,513,Coulsdon DFC,21/01/2020 00:00:00,21-Jan-2020 06:14:59,21-Jan-2020 13:26:00,0,0.9597,0.892370619,1,0.815789474,0.4,0.851851852,07:11:00,0,42.108,0,13,T29-885kg,55,31,6,789.747998,92,178,21/01/2020 06:15,21/01/2020 13:45,01/01/1900 07:30,18,3.239076923,01/01/1900 00:16,3.59166666666667,7.80797101449275,49.9159710144928,22.9613466666667,22.9613466666667,0,7,22
757467,2738019,513,Coulsdon DFC,22/01/2020 00:00:00,22-Jan-2020 05:38:00,22-Jan-2020 14:01:00,0,0.9857,0.837449706,1,0.578947368,0.6,0.796296296,08:23:00,0,50.354,0,17,T29-885kg,55,22,9,741.14299,86,208,22/01/2020 05:15,22/01/2020 13:45,01/01/1900 08:30,7,2.962,01/01/1900 00:15,4.19166666666667,9.11231884057971,59.4663188405797,27.3545066666667,27.3545066666667,0,1,22
757476,2738028,513,Coulsdon DFC,22/01/2020 00:00:00,22-Jan-2020 08:23:00,22-Jan-2020 16:23:00,0,1.0678,0.928032766,0.963636364,0.684210526,0.4,0.787037037,08:00:00,0,57.65,0,15,T29-885kg,53,26,6,821.308998,85,182,22/01/2020 08:15,22/01/2020 15:45,01/01/1900 07:30,0,3.843333333,01/01/1900 00:19,4,8.69565217391304,66.345652173913,30.519,30.519,0,2,22
759815,2740632,513,Coulsdon DFC,24/01/2020 00:00:00,24-Jan-2020 05:45:00,24-Jan-2020 13:26:00,0,1.0241,0.804380789,1,0.526315789,0.6,0.777777778,07:41:00,0,43.521,0,17,T29-885kg,55,20,9,711.876998,84,205,24/01/2020 05:45,24/01/2020 13:15,01/01/1900 07:30,0,2.560058824,01/01/1900 00:14,3.84166666666667,8.35144927536232,51.8724492753623,23.8613266666667,23.8613266666667,0,1,22
759828,2740645,513,Coulsdon DFC,24/01/2020 00:00:00,24-Jan-2020 06:21:00,24-Jan-2020 13:30:00,0,0.9542,0.903559312,0.981818182,0.5,0.733333333,0.777777778,07:09:00,0,41.407,0,16,T29-885kg,54,19,11,799.649991,84,189,24/01/2020 06:00,24/01/2020 13:30,01/01/1900 07:30,20,2.5879375,01/01/1900 00:15,3.575,7.77173913043478,49.1787391304348,22.62222,22.62222,0,2,22
759823,2740640,513,Coulsdon DFC,24/01/2020 00:00:00,24-Jan-2020 06:33:00,24-Jan-2020 14:17:59,0,0.913,0.694514125,0.927272727,0.5,0.866666667,0.768518519,07:45:00,0,45.689,0,18,T29-885kg,51,19,13,614.645001,83,181,24/01/2020 05:45,24/01/2020 14:15,01/01/1900 08:30,44,2.538277778,01/01/1900 00:13,3.875,8.42391304347826,54.1129130434783,24.89194,24.89194,0,3,22
761091,2742662,513,Coulsdon DFC,25/01/2020 00:00:00,25-Jan-2020 05:56:00,25-Jan-2020 12:41:00,0,0.9008,0.816702832,1,0.684210526,0.333333333,0.796296296,06:45:00,0,42.111,0,15,T29-885kg,55,26,5,722.782006,86,206,25/01/2020 05:30,25/01/2020 13:00,01/01/1900 07:30,44,2.8074,01/01/1900 00:11,3.375,7.33695652173913,49.4479565217391,22.74606,22.74606,0,1,22
761126,2742698,513,Coulsdon DFC,25/01/2020 00:00:00,25-Jan-2020 06:03:59,25-Jan-2020 14:10:00,0,0.9524,0.859415818,1.036363636,0.5,0.866666667,0.824074074,08:06:00,0,47.409,0,19,T29-885kg,57,19,13,760.582999,89,210,25/01/2020 05:30,25/01/2020 14:00,01/01/1900 08:30,24,2.495210526,01/01/1900 00:10,4.05,8.80434782608696,56.213347826087,25.85814,25.85814,0,2,22
761083,2742654,513,Coulsdon DFC,25/01/2020 00:00:00,25-Jan-2020 06:10:00,25-Jan-2020 12:31:00,0,0.8467,0.782450844,0.945454545,0.552631579,0.733333333,0.777777778,06:21:00,0,43.087,0,18,T29-885kg,52,21,11,692.468997,84,192,25/01/2020 05:30,25/01/2020 13:00,01/01/1900 07:30,68,2.393722222,01/01/1900 00:08,3.175,6.90217391304348,49.9891739130435,22.99502,22.99502,0,3,22
761138,2742711,513,Coulsdon DFC,25/01/2020 00:00:00,25-Jan-2020 06:13:59,25-Jan-2020 14:32:00,0,0.9774,0.709484751,0.945454545,0.578947368,0.733333333,0.787037037,08:18:00,0,51.94,0,20,T29-885kg,52,22,11,627.894005,85,261,25/01/2020 06:00,25/01/2020 14:30,01/01/1900 08:30,11,2.597,01/01/1900 00:10,4.15,9.02173913043478,60.9617391304348,28.0424,28.0424,0,4,22
761144,2742717,513,Coulsdon DFC,25/01/2020 00:00:00,25-Jan-2020 06:32:00,25-Jan-2020 13:58:00,0,0.9907,0.882137851,1.018181818,0.631578947,0.933333333,0.87037037,07:26:00,0,44.321,0,20,T29-885kg,56,24,14,780.691998,94,234,25/01/2020 06:15,25/01/2020 13:45,01/01/1900 07:30,4,2.21605,01/01/1900 00:08,3.71666666666667,8.07971014492754,52.4007101449275,24.1043266666667,24.1043266666667,0,5,22
761139,2742712,513,Coulsdon DFC,25/01/2020 00:00:00,25-Jan-2020 06:36:59,25-Jan-2020 14:11:00,0,0.89,0.846388703,0.963636364,0.605263158,0.8,0.814814815,07:34:00,0,40.203,0,20,T29-885kg,53,23,12,749.054002,88,233,25/01/2020 06:00,25/01/2020 14:30,01/01/1900 08:30,56,2.01015,01/01/1900 00:10,3.78333333333333,8.22463768115942,48.4276376811594,22.2767133333333,22.2767133333333,0,6,22
761142,2742715,513,Coulsdon DFC,25/01/2020 00:00:00,25-Jan-2020 06:42:00,25-Jan-2020 13:38:00,0,0.9244,0.737395482,0.854545455,0.789473684,0.533333333,0.787037037,06:56:00,0,38.619,0,16,T29-885kg,47,30,8,652.595002,85,209,25/01/2020 06:15,25/01/2020 13:45,01/01/1900 07:30,34,2.4136875,01/01/1900 00:10,3.46666666666667,7.53623188405797,46.155231884058,21.2314066666667,21.2314066666667,0,7,22
761145,2742718,513,Coulsdon DFC,25/01/2020 00:00:00,25-Jan-2020 06:45:00,25-Jan-2020 13:26:00,0,0.8917,0.861162714,0.945454545,0.5,0.8,0.768518519,06:41:00,0,54.12,0,15,T29-885kg,52,19,12,762.129002,83,152,25/01/2020 06:15,25/01/2020 13:45,01/01/1900 07:30,48,3.608,01/01/1900 00:13,3.34166666666667,7.26449275362319,61.3844927536232,28.2368666666667,28.2368666666667,0,8,22
761159,2742733,513,Coulsdon DFC,25/01/2020 00:00:00,25-Jan-2020 07:01:00,25-Jan-2020 13:53:59,0,0.917,0.785549151,0.981818182,0.526315789,0.8,0.796296296,06:53:00,0,40.958,0,19,T29-885kg,54,20,12,695.2109985,86,195,25/01/2020 06:30,25/01/2020 14:00,01/01/1900 07:30,37,2.155684211,01/01/1900 00:08,3.44166666666667,7.48188405797101,48.439884057971,22.2823466666667,22.2823466666667,0,9,22
761166,2742740,513,Coulsdon DFC,25/01/2020 00:00:00,25-Jan-2020 07:01:00,25-Jan-2020 14:25:00,0,0.9851,0.84019548,1,0.473684211,0.666666667,0.768518519,07:24:00,0,55.611,0,16,T29-885kg,55,18,10,743.573,83,177,25/01/2020 06:45,25/01/2020 14:15,01/01/1900 07:30,6,3.4756875,01/01/1900 00:16,3.7,8.04347826086956,63.6544782608696,29.28106,29.28106,0,10,22
761158,2742732,513,Coulsdon DFC,25/01/2020 00:00:00,25-Jan-2020 07:02:00,25-Jan-2020 14:03:00,0,0.9353,0.857428246,0.927272727,0.552631579,1,0.805555556,07:01:00,0,46.476,0,20,T29-885kg,51,21,15,758.823998,87,215,25/01/2020 06:30,25/01/2020 14:00,01/01/1900 07:30,29,2.3238,01/01/1900 00:10,3.50833333333333,7.6268115942029,54.1028115942029,24.8872933333333,24.8872933333333,0,11,22
761132,2742704,513,Coulsdon DFC,25/01/2020 00:00:00,25-Jan-2020 07:10:59,25-Jan-2020 14:16:59,0,0.8361,0.767759324,0.872727273,0.578947368,0.8,0.759259259,07:06:00,0,79.393,0,18,T29-885kg,48,22,12,679.467002,82,185,25/01/2020 05:45,25/01/2020 14:15,01/01/1900 08:30,83,4.410722222,01/01/1900 00:11,3.55,7.71739130434783,87.1103913043478,40.07078,40.07078,0,12,22
761084,2742655,513,Coulsdon DFC,25/01/2020 00:00:00,25-Jan-2020 07:44:59,25-Jan-2020 15:18:00,0,1.0086,0.878359323,0.981818182,0.578947368,1,0.842592593,07:33:00,0,64.528,0,19,T29-885kg,54,22,15,777.348001,91,201,25/01/2020 07:45,25/01/2020 15:15,01/01/1900 07:30,0,3.396210526,01/01/1900 00:13,3.775,8.20652173913043,72.7345217391304,33.45788,33.45788,0,13,22
761088,2742659,513,Coulsdon DFC,25/01/2020 00:00:00,25-Jan-2020 08:00:00,25-Jan-2020 14:27:59,0,0.8626,0.915733332,0.981818182,0.605263158,0.733333333,0.814814815,06:28:00,0,49.786,0,16,T29-885kg,54,23,11,810.423999,88,168,25/01/2020 08:00,25/01/2020 15:30,01/01/1900 07:30,61,3.111625,01/01/1900 00:11,3.23333333333333,7.02898550724638,56.8149855072464,26.1348933333333,26.1348933333333,0,14,22
761086,2742657,513,Coulsdon DFC,25/01/2020 00:00:00,25-Jan-2020 08:06:59,25-Jan-2020 15:35:00,0,0.9952,0.789751414,0.890909091,0.578947368,0.866666667,0.777777778,07:28:00,0,71.748,0,18,T29-885kg,49,22,13,698.930001,84,198,25/01/2020 08:00,25/01/2020 15:30,01/01/1900 07:30,2,3.986,01/01/1900 00:13,3.73333333333333,8.11594202898551,79.8639420289855,36.7374133333333,36.7374133333333,0,15,22
762222,2893360,513,Coulsdon DFC,26/01/2020 00:00:00,26-Jan-2020 05:37:00,26-Jan-2020 12:48:59,0,0.961,0.863333332,0.963636364,0.605263158,1.066666667,0.851851852,07:12:00,0,71.54,0,18,T29-885kg,53,23,16,764.049999,92,175,26/01/2020 05:15,26/01/2020 12:45,01/01/1900 07:30,17,3.974444444,01/01/1900 00:14,3.6,7.82608695652174,79.3660869565217,36.5084,36.5084,0,1,22
762232,2893374,513,Coulsdon DFC,26/01/2020 00:00:00,26-Jan-2020 06:09:00,26-Jan-2020 12:36:59,0,0.7608,0.821487003,1.018181818,0.447368421,0.8,0.787037037,06:28:00,0,44.98,0,17,T29-885kg,56,17,12,727.015998,85,201,26/01/2020 06:00,26/01/2020 14:30,01/01/1900 08:30,122,2.645882353,01/01/1900 00:11,3.23333333333333,7.02898550724638,52.0089855072464,23.9241333333333,23.9241333333333,0,2,22
762248,2893394,513,Coulsdon DFC,26/01/2020 00:00:00,26-Jan-2020 06:21:00,26-Jan-2020 14:38:00,0,0.9742,0.719720906,0.945454545,0.473684211,0.933333333,0.777777778,08:17:00,0,55.839,0,18,T29-885kg,52,18,14,636.953002,84,226,26/01/2020 06:00,26/01/2020 14:30,01/01/1900 08:30,13,3.102166667,01/01/1900 00:12,4.14166666666667,9.0036231884058,64.8426231884058,29.8276066666667,29.8276066666667,0,3,22
762231,2893373,513,Coulsdon DFC,26/01/2020 00:00:00,26-Jan-2020 06:22:00,26-Jan-2020 14:14:00,0,0.9249,0.790552539,1,0.526315789,0.733333333,0.796296296,07:52:00,0,53.662,0,18,T29-885kg,55,20,11,699.638997,86,231,26/01/2020 05:30,26/01/2020 14:00,01/01/1900 08:30,38,2.981222222,01/01/1900 00:11,3.93333333333333,8.55072463768116,62.2127246376812,28.6178533333333,28.6178533333333,0,4,22
762277,2893424,513,Coulsdon DFC,26/01/2020 00:00:00,26-Jan-2020 06:45:00,26-Jan-2020 13:27:00,0,0.8946,0.878714122,1,0.605263158,0.866666667,0.842592593,06:42:00,0,55.461,0,18,T29-885kg,55,23,13,777.661998,91,183,26/01/2020 06:45,26/01/2020 14:15,01/01/1900 07:30,47,3.081166667,01/01/1900 00:09,3.35,7.28260869565217,62.7436086956522,28.86206,28.86206,0,5,22
762267,2893414,513,Coulsdon DFC,26/01/2020 00:00:00,26-Jan-2020 07:20:00,26-Jan-2020 14:14:00,0,0.9211,0.791172881,1,0.5,0.533333333,0.759259259,06:54:00,0,44.907,0,16,T29-885kg,55,19,8,700.188,82,185,26/01/2020 07:15,26/01/2020 14:45,01/01/1900 07:30,35,2.8066875,01/01/1900 00:11,3.45,7.5,52.407,24.10722,24.10722,0,6,22
762228,2893368,513,Coulsdon DFC,26/01/2020 00:00:00,26-Jan-2020 07:20:59,26-Jan-2020 13:58:00,0,0.8813,0.899728817,1.018181818,0.578947368,1,0.861111111,06:37:00,0,52.78,0,17,T29-885kg,56,22,15,796.260003,93,193,26/01/2020 07:00,26/01/2020 14:30,01/01/1900 07:30,53,3.104705882,01/01/1900 00:11,3.30833333333333,7.19202898550725,59.9720289855072,27.5871333333333,27.5871333333333,0,7,22
762251,2893397,513,Coulsdon DFC,26/01/2020 00:00:00,26-Jan-2020 07:23:00,26-Jan-2020 14:50:59,0,0.9953,0.782161577,0.981818182,0.5,0.6,0.759259259,07:28:00,0,46.299,0,17,T29-885kg,54,19,9,692.212996,82,206,26/01/2020 07:15,26/01/2020 14:45,01/01/1900 07:30,2,2.723470588,01/01/1900 00:11,3.73333333333333,8.11594202898551,54.4149420289855,25.0308733333333,25.0308733333333,0,8,22
762320,2893482,513,Coulsdon DFC,26/01/2020 00:00:00,26-Jan-2020 15:21:00,26-Jan-2020 22:41:00,0,0.9782,0.828862145,1,0.526315789,0.733333333,0.796296296,07:20:00,0,62.742,0,18,T29-885kg,55,20,11,733.5429985,86,186,26/01/2020 15:15,26/01/2020 22:45,01/01/1900 07:30,9,3.485666667,01/01/1900 00:10,3.66666666666667,7.97101449275362,70.7130144927536,32.5279866666667,32.5279866666667,0,1,22
763308,2893244,513,Coulsdon DFC,27/01/2020 00:00:00,27-Jan-2020 05:15:00,27-Jan-2020 14:35:00,0,1.099,0.802882481,1,0.5,0.8,0.796296296,09:20:00,0,55.223,0,18,T29-885kg,55,19,12,710.550996,86,218,27/01/2020 05:15,27/01/2020 13:45,01/01/1900 08:30,0,3.067944444,01/01/1900 00:17,4.66666666666667,10.1449275362319,65.3679275362319,30.0692466666667,30.0692466666667,0,1,22
763298,2893224,513,Coulsdon DFC,27/01/2020 00:00:00,27-Jan-2020 05:27:59,27-Jan-2020 13:54:59,0,0.9945,0.789491515,0.945454545,0.684210526,0.4,0.777777778,08:27:00,0,45.646,0,15,T29-885kg,52,26,6,698.699991,84,177,27/01/2020 05:15,27/01/2020 13:45,01/01/1900 08:30,2,3.043066667,01/01/1900 00:20,4.225,9.18478260869565,54.8307826086957,25.22216,25.22216,0,2,22
763307,2893240,513,Coulsdon DFC,27/01/2020 00:00:00,27-Jan-2020 05:51:59,27-Jan-2020 14:02:00,0,0.9609,0.851162715,1.036363636,0.578947368,0.866666667,0.851851852,08:10:00,0,36.542,0,19,T29-885kg,57,22,13,753.279003,92,225,27/01/2020 05:45,27/01/2020 14:15,01/01/1900 08:30,19,1.923263158,01/01/1900 00:13,4.08333333333333,8.8768115942029,45.4188115942029,20.8926533333333,20.8926533333333,0,3,22
763339,2893276,513,Coulsdon DFC,27/01/2020 00:00:00,27-Jan-2020 06:00:00,27-Jan-2020 15:07:00,0,1.0731,0.895230513,0.927272727,0.605263158,0.533333333,0.759259259,09:07:00,0,45.867,0,17,T29-885kg,51,23,8,792.279004,82,221,27/01/2020 06:00,27/01/2020 14:30,01/01/1900 08:30,0,2.698058824,01/01/1900 00:19,4.55833333333333,9.90942028985507,55.7764202898551,25.6571533333333,25.6571533333333,0,4,22
763312,2893248,513,Coulsdon DFC,27/01/2020 00:00:00,27-Jan-2020 07:12:00,27-Jan-2020 14:31:00,0,0.9757,0.784054232,0.927272727,0.526315789,0.733333333,0.759259259,07:19:00,0,50.848,0,17,T29-885kg,51,20,11,693.887995,82,198,27/01/2020 07:00,27/01/2020 14:30,01/01/1900 07:30,10,2.991058824,01/01/1900 00:14,3.65833333333333,7.95289855072464,58.8008985507246,27.0484133333333,27.0484133333333,0,5,22
763363,2893300,513,Coulsdon DFC,27/01/2020 00:00:00,27-Jan-2020 14:15:00,27-Jan-2020 21:58:59,0,1.0328,0.780631649,0.945454545,0.578947368,0.666666667,0.777777778,07:44:00,0,62.748,0,18,T29-885kg,52,22,10,690.859009,84,184,27/01/2020 14:15,27/01/2020 21:45,01/01/1900 07:30,0,3.486,01/01/1900 00:15,3.86666666666667,8.40579710144928,71.1537971014493,32.7307466666667,32.7307466666667,0,2,22
764361,2890183,513,Coulsdon DFC,28/01/2020 00:00:00,28-Jan-2020 05:29:59,28-Jan-2020 13:46:00,0,0.9736,0.813516383,0.945454545,0.631578947,0.733333333,0.805555556,08:16:00,0,54.472,0,19,T29-885kg,52,24,11,719.961999,87,203,28/01/2020 05:30,28/01/2020 14:00,01/01/1900 08:30,13,2.866947368,01/01/1900 00:11,4.13333333333333,8.98550724637681,63.4575072463768,29.1904533333333,29.1904533333333,0,1,22
669450,2891115,513,Coulsdon DFC,29/01/2020 00:00:00,29-Jan-2020 06:30:00,29-Jan-2020 13:42:00,0,0.9618,0.775124295,1,0.421052632,0.733333333,0.759259259,07:12:00,0,47.519,0,16,T29-885kg,55,16,11,685.985001,82,178,29/01/2020 06:30,29/01/2020 14:00,01/01/1900 07:30,17,2.9699375,01/01/1900 00:14,3.6,7.82608695652174,55.3450869565217,25.45874,25.45874,0,1,22
669500,2892815,513,Coulsdon DFC,29/01/2020 00:00:00,29-Jan-2020 14:26:00,29-Jan-2020 21:57:00,0,1.0021,0.813553668,0.981818182,0.552631579,0.933333333,0.824074074,07:31:00,0,70.976,0,18,T29-885kg,54,21,14,719.994996,89,156,29/01/2020 14:15,29/01/2020 21:45,01/01/1900 07:30,0,3.943111111,01/01/1900 00:14,3.75833333333333,8.17028985507246,79.1462898550725,36.4072933333333,36.4072933333333,0,1,22
670561,2892802,513,Coulsdon DFC,30/01/2020 00:00:00,30-Jan-2020 14:15:00,30-Jan-2020 21:34:00,0,0.9757,0.871004521,1.018181818,0.552631579,0.866666667,0.833333333,07:19:00,0,50.952,0,17,T29-885kg,56,21,13,770.839001,90,184,30/01/2020 14:15,30/01/2020 21:45,01/01/1900 07:30,10,2.997176471,01/01/1900 00:13,3.65833333333333,7.95289855072464,58.9048985507246,27.0962533333333,27.0962533333333,0,1,22
671785,2890425,513,Coulsdon DFC,31/01/2020 00:00:00,31-Jan-2020 05:49:00,31-Jan-2020 14:11:00,0,0.9846,0.893296047,1,0.473684211,0.866666667,0.796296296,08:22:00,0,55.51,0,18,T29-885kg,55,18,13,790.567002,86,218,31/01/2020 05:45,31/01/2020 14:15,01/01/1900 08:30,7,3.083888889,01/01/1900 00:14,4.18333333333333,9.09420289855072,64.6042028985507,29.7179333333333,29.7179333333333,0,1,22
671788,2890452,513,Coulsdon DFC,31/01/2020 00:00:00,31-Jan-2020 05:50:00,31-Jan-2020 14:18:59,0,0.9983,0.890031642,1.018181818,0.447368421,0.866666667,0.796296296,08:29:00,0,43.343,0,16,T29-885kg,56,17,13,787.678003,86,190,31/01/2020 05:45,31/01/2020 14:15,01/01/1900 08:30,0,2.7089375,01/01/1900 00:19,4.24166666666667,9.22101449275362,52.5640144927536,24.1794466666667,24.1794466666667,0,2,22
671793,2890582,513,Coulsdon DFC,31/01/2020 00:00:00,31-Jan-2020 06:00:00,31-Jan-2020 13:41:00,0,1.0247,0.854927684,0.963636364,0.552631579,0.533333333,0.759259259,07:41:00,0,38.694,0,17,T29-885kg,53,21,8,756.611,82,202,31/01/2020 06:00,31/01/2020 13:30,01/01/1900 07:30,0,2.276117647,01/01/1900 00:13,3.84166666666667,8.35144927536232,47.0454492753623,21.6409066666667,21.6409066666667,0,3,22
671798,2890661,513,Coulsdon DFC,31/01/2020 00:00:00,31-Jan-2020 06:00:00,31-Jan-2020 14:32:00,0,1.0049,0.900743502,1,0.473684211,0.666666667,0.768518519,08:32:00,0,43.555,0,16,T29-885kg,55,18,10,797.157999,83,211,31/01/2020 06:00,31/01/2020 14:30,01/01/1900 08:30,0,2.7221875,01/01/1900 00:17,4.26666666666667,9.27536231884058,52.8303623188406,24.3019666666667,24.3019666666667,0,4,22
671777,2890254,513,Coulsdon DFC,31/01/2020 00:00:00,31-Jan-2020 06:32:00,31-Jan-2020 13:23:00,0,0.9121,0.840892655,0.927272727,0.447368421,0.933333333,0.759259259,06:51:00,0,44.014,0,14,T29-885kg,51,17,14,744.19,82,184,31/01/2020 05:45,31/01/2020 13:15,01/01/1900 07:30,39,3.143857143,01/01/1900 00:14,3.425,7.44565217391304,51.459652173913,23.67144,23.67144,0,5,22
671820,2891202,513,Coulsdon DFC,31/01/2020 00:00:00,31-Jan-2020 06:46:00,31-Jan-2020 14:22:00,0,1.0139,0.905202258,1.054545455,0.526315789,0.666666667,0.814814815,07:36:00,0,51.307,0,17,T29-885kg,58,20,10,801.103998,88,189,31/01/2020 06:45,31/01/2020 14:15,01/01/1900 07:30,0,3.018058824,01/01/1900 00:15,3.8,8.26086956521739,59.5678695652174,27.40122,27.40122,0,6,22
671814,2891078,513,Coulsdon DFC,31/01/2020 00:00:00,31-Jan-2020 07:04:00,31-Jan-2020 14:13:00,0,0.9537,0.796074576,0.909090909,0.473684211,0.933333333,0.759259259,07:09:00,0,39.683,0,16,T29-885kg,50,18,14,704.5259995,82,175,31/01/2020 06:30,31/01/2020 14:00,01/01/1900 07:30,20,2.4801875,01/01/1900 00:15,3.575,7.77173913043478,47.4547391304348,21.82918,21.82918,0,7,22
671833,2891577,513,Coulsdon DFC,31/01/2020 00:00:00,31-Jan-2020 07:29:00,31-Jan-2020 14:35:00,0,0.9456,0.813201127,1,0.447368421,0.733333333,0.768518519,07:06:00,0,52.108,0,16,T29-885kg,55,17,11,719.6829975,83,169,31/01/2020 07:15,31/01/2020 14:45,01/01/1900 07:30,24,3.25675,01/01/1900 00:13,3.55,7.71739130434783,59.8253913043478,27.51968,27.51968,0,8,22
673118,2890269,513,Coulsdon DFC,01/02/2020 00:00:00,01-Feb-2020 05:45:00,01-Feb-2020 13:19:00,0,1.01,0.758691528,0.963636364,0.552631579,0.8,0.796296296,07:34:00,0,55.878,0,19,T29-885kg,53,21,12,671.4420025,86,211,01/02/2020 05:45,01/02/2020 13:15,01/01/1900 07:30,0,2.940947368,01/01/1900 00:12,3.78333333333333,8.22463768115942,64.1026376811594,29.4872133333333,29.4872133333333,0,1,22
673119,2890273,513,Coulsdon DFC,01/02/2020 00:00:00,01-Feb-2020 06:12:00,01-Feb-2020 13:07:00,0,0.9229,0.829598872,0.963636364,0.552631579,0.8,0.796296296,06:55:00,0,40.295,0,18,T29-885kg,53,21,12,734.195002,86,176,01/02/2020 05:45,01/02/2020 13:15,01/01/1900 07:30,34,2.238611111,01/01/1900 00:10,3.45833333333333,7.51811594202899,47.813115942029,21.9940333333333,21.9940333333333,0,2,22
673138,2890808,513,Coulsdon DFC,01/02/2020 00:00:00,01-Feb-2020 06:19:00,01-Feb-2020 13:20:00,0,0.9358,0.699310738,0.872727273,0.631578947,0.8,0.777777778,07:01:00,0,59.532,0,18,T29-885kg,48,24,12,618.8900035,84,177,01/02/2020 06:15,01/02/2020 13:45,01/01/1900 07:30,28,3.307333333,01/01/1900 00:13,3.50833333333333,7.6268115942029,67.1588115942029,30.8930533333333,30.8930533333333,0,3,22
673126,2890372,513,Coulsdon DFC,01/02/2020 00:00:00,01-Feb-2020 06:28:00,01-Feb-2020 14:27:59,0,0.9406,0.822294914,1,0.5,0.666666667,0.777777778,08:00:00,0,83.992,0,19,T29-885kg,55,19,10,727.7309985,84,209,01/02/2020 05:45,01/02/2020 14:15,01/01/1900 08:30,30,4.420631579,01/01/1900 00:12,4,8.69565217391304,92.6876521739131,42.63632,42.63632,0,4,22
673132,2890587,513,Coulsdon DFC,01/02/2020 00:00:00,01-Feb-2020 07:01:00,01-Feb-2020 14:39:59,0,0.9006,0.788751412,1,0.5,0.866666667,0.805555556,07:39:00,0,48.093,0,16,T29-885kg,55,19,13,698.045,87,182,01/02/2020 06:00,01/02/2020 14:30,01/01/1900 08:30,50,3.0058125,01/01/1900 00:14,3.825,8.31521739130435,56.4082173913043,25.94778,25.94778,0,5,22
673133,2890671,513,Coulsdon DFC,01/02/2020 00:00:00,01-Feb-2020 07:08:59,01-Feb-2020 13:42:00,0,0.7715,0.845705081,0.927272727,0.473684211,1,0.777777778,06:33:00,0,73.723,0,17,T29-885kg,51,18,15,748.4489965,84,154,01/02/2020 06:00,01/02/2020 14:30,01/01/1900 08:30,116,4.336647059,01/01/1900 00:12,3.275,7.1195652173913,80.8425652173913,37.18758,37.18758,0,6,22
673183,2891816,513,Coulsdon DFC,01/02/2020 00:00:00,01-Feb-2020 07:30:00,01-Feb-2020 14:53:00,0,0.986,0.748690397,0.963636364,0.473684211,0.733333333,0.759259259,07:23:00,0,54.959,0,19,T29-885kg,53,18,11,662.591001,82,181,01/02/2020 07:30,01/02/2020 15:00,01/01/1900 07:30,6,2.892578947,01/01/1900 00:11,3.69166666666667,8.02536231884058,62.9843623188406,28.9728066666667,28.9728066666667,0,7,22
674285,2890679,513,Coulsdon DFC,02/02/2020 00:00:00,02-Feb-2020 06:25:59,02-Feb-2020 12:48:59,0,0.8497,0.798311867,1,0.421052632,0.733333333,0.759259259,06:23:00,0,44.556,0,14,T29-885kg,55,16,11,706.506002,82,178,02/02/2020 06:15,02/02/2020 13:45,01/01/1900 07:30,67,3.182571429,01/01/1900 00:12,3.19166666666667,6.93840579710145,51.4944057971015,23.6874266666667,23.6874266666667,0,1,22
674313,2891528,513,Coulsdon DFC,02/02/2020 00:00:00,02-Feb-2020 06:59:59,02-Feb-2020 14:25:00,0,0.9907,0.79166441,0.963636364,0.526315789,0.8,0.787037037,07:25:00,0,79.999,0,18,T29-885kg,53,20,12,700.623003,85,183,02/02/2020 07:00,02/02/2020 14:30,01/01/1900 07:30,4,4.444388889,01/01/1900 00:14,3.70833333333333,8.06159420289855,88.0605942028985,40.5078733333333,40.5078733333333,0,2,22
674306,2891355,513,Coulsdon DFC,02/02/2020 00:00:00,02-Feb-2020 07:01:00,02-Feb-2020 14:23:00,0,0.9814,0.876988706,1.018181818,0.5,1.066666667,0.842592593,07:22:00,0,49.458,0,16,T29-885kg,56,19,16,776.135005,91,200,02/02/2020 06:45,02/02/2020 14:15,01/01/1900 07:30,8,3.091125,01/01/1900 00:13,3.68333333333333,8.00724637681159,57.4652463768116,26.4340133333333,26.4340133333333,0,3,22
674301,2891193,513,Coulsdon DFC,02/02/2020 00:00:00,02-Feb-2020 07:08:00,02-Feb-2020 14:06:59,0,0.9293,0.75819209,0.963636364,0.5,0.666666667,0.759259259,06:59:00,0,52.289,0,17,T29-885kg,53,19,10,671,82,177,02/02/2020 06:45,02/02/2020 14:15,01/01/1900 07:30,31,3.075823529,01/01/1900 00:11,3.49166666666667,7.59057971014493,59.8795797101449,27.5446066666667,27.5446066666667,0,4,22
674310,2891500,513,Coulsdon DFC,02/02/2020 00:00:00,02-Feb-2020 07:13:00,02-Feb-2020 15:02:59,0,1.0435,0.763871189,0.963636364,0.552631579,0.8,0.796296296,07:50:00,0,44.018,0,19,T29-885kg,53,21,12,676.0260025,86,223,02/02/2020 07:00,02/02/2020 14:30,01/01/1900 07:30,0,2.316736842,01/01/1900 00:12,3.91666666666667,8.51449275362319,52.5324927536232,24.1649466666667,24.1649466666667,0,5,22
674316,2891550,513,Coulsdon DFC,02/02/2020 00:00:00,02-Feb-2020 07:24:00,02-Feb-2020 14:59:00,0,1.0116,0.827193218,0.945454545,0.578947368,0.866666667,0.805555556,07:35:00,0,62.221,0,17,T29-885kg,52,22,13,732.065998,87,192,02/02/2020 07:15,02/02/2020 14:45,01/01/1900 07:30,0,3.660058824,01/01/1900 00:13,3.79166666666667,8.2427536231884,70.4637536231884,32.4133266666667,32.4133266666667,0,6,22
674360,2892781,513,Coulsdon DFC,02/02/2020 00:00:00,02-Feb-2020 14:15:00,02-Feb-2020 21:05:00,0,0.913,0.787049719,0.981818182,0.5,0.8,0.787037037,06:50:00,0,57.538,0,19,T29-885kg,54,19,12,696.539001,85,189,02/02/2020 14:15,02/02/2020 21:45,01/01/1900 07:30,39,3.028315789,01/01/1900 00:10,3.41666666666667,7.42753623188406,64.9655362318841,29.8841466666667,29.8841466666667,0,1,22
675369,2890382,513,Coulsdon DFC,03/02/2020 00:00:00,03-Feb-2020 06:07:00,03-Feb-2020 13:41:00,0,0.8904,0.819253112,1,0.578947368,0.533333333,0.787037037,07:34:00,0,46.851,0,19,T29-885kg,55,22,8,725.0390045,85,233,03/02/2020 05:45,03/02/2020 14:15,01/01/1900 08:30,55,2.465842105,01/01/1900 00:07,3.78333333333333,8.22463768115942,55.0756376811594,25.3347933333333,25.3347933333333,0,1,22
675351,2890001,513,Coulsdon DFC,03/02/2020 00:00:00,03-Feb-2020 06:16:00,03-Feb-2020 11:54:00,0,0.6634,0.79960338,1,0.421052632,0.8,0.768518519,05:38:00,0,48.951,0,13,T29-885kg,55,16,12,707.648991,83,169,03/02/2020 05:15,03/02/2020 13:45,01/01/1900 08:30,171,3.765461538,01/01/1900 00:12,2.81666666666667,6.1231884057971,55.0741884057971,25.3341266666667,25.3341266666667,0,2,22
675372,2890462,513,Coulsdon DFC,03/02/2020 00:00:00,03-Feb-2020 06:32:00,03-Feb-2020 11:53:00,0,0.631,0.977510737,0.945454545,0.631578947,0.4,0.759259259,05:21:00,0,39.884,0,13,T29-885kg,52,24,6,865.097002,82,160,03/02/2020 05:45,03/02/2020 14:15,01/01/1900 08:30,188,3.068,01/01/1900 00:07,2.675,5.81521739130435,45.6992173913043,21.02164,21.02164,0,3,22
675385,2890607,513,Coulsdon DFC,03/02/2020 00:00:00,03-Feb-2020 06:56:00,03-Feb-2020 12:44:00,0,0.6822,0.824024861,1,0.447368421,0.733333333,0.768518519,05:48:00,0,41.863,0,17,T29-885kg,55,17,11,729.262002,83,207,03/02/2020 06:00,03/02/2020 14:30,01/01/1900 08:30,162,2.462529412,01/01/1900 00:06,2.9,6.30434782608696,48.167347826087,22.15698,22.15698,0,4,22
675374,2890486,513,Coulsdon DFC,03/02/2020 00:00:00,03-Feb-2020 06:59:59,03-Feb-2020 12:24:59,0,0.723,0.830903949,0.963636364,0.5,0.733333333,0.768518519,05:25:00,0,55.354,0,13,T29-885kg,53,19,11,735.349995,83,152,03/02/2020 06:00,03/02/2020 13:30,01/01/1900 07:30,124,4.258,01/01/1900 00:10,2.70833333333333,5.88768115942029,61.2416811594203,28.1711733333333,28.1711733333333,0,5,22
675406,2891203,513,Coulsdon DFC,03/02/2020 00:00:00,03-Feb-2020 07:10:59,03-Feb-2020 14:01:00,0,0.912,0.815284746,0.927272727,0.552631579,0.866666667,0.787037037,06:50:00,0,50.21,0,17,T29-885kg,51,21,13,721.527,85,186,03/02/2020 06:45,03/02/2020 14:15,01/01/1900 07:30,39,2.953529412,01/01/1900 00:11,3.41666666666667,7.42753623188406,57.6375362318841,26.5132666666667,26.5132666666667,0,6,22
675461,2892679,513,Coulsdon DFC,03/02/2020 00:00:00,03-Feb-2020 14:21:00,03-Feb-2020 20:59:00,0,0.886,0.819450852,0.981818182,0.473684211,0.666666667,0.759259259,06:38:00,0,53.487,0,17,T29-885kg,54,18,10,725.214004,82,200,03/02/2020 13:45,03/02/2020 21:15,01/01/1900 07:30,51,3.146294118,01/01/1900 00:10,3.31666666666667,7.21014492753623,60.6971449275362,27.9206866666667,27.9206866666667,0,1,22
676407,2889890,513,Coulsdon DFC,04/02/2020 00:00:00,04-Feb-2020 05:28:59,04-Feb-2020 12:58:59,0,0.9983,0.873044063,1,0.526315789,0.466666667,0.759259259,07:30:00,0,48.34,0,14,T29-885kg,55,20,7,772.643996,82,176,04/02/2020 05:15,04/02/2020 12:45,01/01/1900 07:30,0,3.452857143,01/01/1900 00:19,3.75,8.15217391304348,56.4921739130435,25.9864,25.9864,0,1,22
677418,2890688,513,Coulsdon DFC,05/02/2020 00:00:00,05-Feb-2020 06:08:00,05-Feb-2020 14:10:00,0,0.9453,0.805535593,0.981818182,0.552631579,0.8,0.805555556,08:02:00,0,53.96,0,18,T29-885kg,54,21,12,712.899,87,212,05/02/2020 06:00,05/02/2020 14:30,01/01/1900 08:30,27,2.997777778,01/01/1900 00:13,4.01666666666667,8.73188405797101,62.691884057971,28.8382666666667,28.8382666666667,0,1,22
677445,2891697,513,Coulsdon DFC,05/02/2020 00:00:00,05-Feb-2020 07:39:00,05-Feb-2020 15:12:59,0,1.0106,0.836325421,0.981818182,0.473684211,0.8,0.777777778,07:34:00,0,48.456,0,16,T29-885kg,54,18,12,740.147998,84,183,05/02/2020 07:30,05/02/2020 15:00,01/01/1900 07:30,0,3.0285,01/01/1900 00:13,3.78333333333333,8.22463768115942,56.6806376811594,26.0730933333333,26.0730933333333,0,2,22
